"RANK","NAME","TEAM","POS","AGE","GP","MPG","USG%","TO%","FTA","FT%","2PA","2P%","3PA","3P%","eFG%","TS%","PPG","RPG","APG","SPG","BPG","TPG","P+R","P+A","P+R+A","VI","ORtg","DRtg"
"","Giannis Antetokounmpo","Mil","F","30","18","34.8","36.9","14.1","190","0.616","365","0.633","14","0.214","0.621","0.636","32.7","11.7","6.7","0.5","1.4","3.4","44.3","39.4","51.1","15.7","123.5","105.4"
"","LaMelo Ball","Cha","G","23.3","18","34.1","39.7","15.3","105","0.848","213","0.512","236","0.356","0.523","0.564","31.1","5.4","6.9","1.1","0.2","4.5","36.4","38","43.4","12.3","111.6","105.6"
"","Nikola Jokic","Den","C","29.8","16","37.6","30.1","15.7","103","0.816","252","0.575","69","0.522","0.62","0.658","30.1","13","10.4","1.7","0.9","3.8","43.1","40.5","53.5","17","130.9","109.2"
"","Shai Gilgeous-Alexander","Okc","G","26.4","21","34.4","33.1","11.5","167","0.856","304","0.576","128","0.344","0.558","0.618","29.8","5.5","6.5","1.8","1","2.7","35.2","36.2","41.7","11.9","123.4","104.7"
"","Luka Doncic","Dal","F-G","25.8","16","36.9","33.3","12.5","112","0.75","205","0.537","158","0.342","0.526","0.565","29.1","7.9","7.8","1.8","0.4","3.3","37","36.9","44.8","13.2","115","105.2"
"","Paolo Banchero","Orl","F","22.1","5","36.4","31.8","10.2","59","0.644","65","0.569","32","0.344","0.552","0.59","29","8.8","5.6","0.6","0.8","2.2","37.8","34.6","43.4","12.4","120.5","102.9"
"","Jayson Tatum","Bos","F-G","26.8","21","36.4","31.7","12.8","162","0.802","201","0.542","222","0.374","0.552","0.604","28.4","8.6","5.6","1.3","0.6","3","37","34","42.7","12.2","119.1","104.1"
"","Anthony Davis","Lal","F-C","31.7","20","35.4","30.2","9.6","182","0.786","325","0.566","42","0.357","0.563","0.622","27.8","11.5","3.3","1.3","2","2","39.3","31.1","42.6","11.5","124.6","109.8"
"","De'Aaron Fox","Sac","G","27","22","37.7","30.7","15.1","139","0.806","307","0.554","138","0.355","0.547","0.592","27.2","5","6","1.7","0.2","3.6","32.3","33.2","38.2","9.9","113.7","110.4"
"","Anthony Edwards","Min","G","23.3","20","36.9","30.7","12.6","93","0.796","202","0.47","213","0.423","0.554","0.586","26.7","5.5","3.7","1.3","0.6","3","32.2","30.4","35.9","8.8","110.6","108.6"
"","Damian Lillard","Mil","G","34.4","17","35.9","29.2","13.3","121","0.926","147","0.531","158","0.367","0.541","0.617","26","4.5","7.6","0.9","0.2","2.8","30.5","33.6","38.1","10.7","124.2","112.8"
"","Kevin Durant","Pho","F","36.2","13","35.7","28.6","16.1","75","0.8","146","0.582","78","0.449","0.614","0.652","25.8","6.7","3.1","0.5","1.5","3.3","32.5","28.8","35.5","9.1","112.9","112.8"
"","Tyrese Maxey","Phi","G","24.1","13","36.2","31.3","7.5","70","0.857","158","0.481","124","0.323","0.482","0.531","25.5","3.2","4.7","2","0.4","1.8","28.7","30.2","33.4","8","110.4","110.8"
"","Jalen Brunson","Nyk","G","28.3","21","34.1","29.4","11.6","133","0.85","246","0.528","127","0.409","0.558","0.613","25.2","2.9","7.7","0.6","0","2.3","28.1","32.9","35.8","9.7","126.4","113.3"
"","Karl-Anthony Towns","Nyk","C-F","29.1","20","33.5","28.6","11.9","110","0.864","237","0.561","104","0.452","0.597","0.645","25.1","13.1","3.1","0.8","0.9","2.3","38.2","28.2","41.3","12","126.1","102.9"
"","Devin Booker","Pho","G","28.1","20","36.9","28.1","11","135","0.896","209","0.517","155","0.348","0.519","0.589","25","3.8","6.6","1.1","0.5","2.3","28.8","31.5","35.3","9.3","121.9","113.5"
"","Jaylen Brown","Bos","G-F","28.1","16","36.1","30.3","11","112","0.777","189","0.487","126","0.341","0.497","0.549","25","6.4","4.3","1.1","0.4","2.4","31.4","29.3","35.7","9.8","112.6","105.9"
"","Cam Thomas","Bro","G","23.1","17","33.4","31.1","13.9","112","0.866","171","0.515","126","0.389","0.544","0.606","24.7","3.2","3.4","0.7","0.1","2.8","27.9","28.1","31.3","7.7","111.8","116.8"
"","Donovan Mitchell","Cle","G","28.2","21","31.7","31.1","9.5","85","0.812","206","0.505","194","0.402","0.553","0.584","24.3","4.9","4.1","1.6","0.3","2","29.2","28.4","33.3","9.9","114.7","106.9"
"","Kyrie Irving","Dal","G","32.7","20","35.4","26.1","10.6","70","0.886","228","0.518","135","0.452","0.577","0.611","24.1","4.9","5.4","1.2","0.2","2.2","29","29.5","34.4","9.7","123.2","110.2"
"","Norman Powell","Lac","G","31.5","17","32.4","26.9","11.4","68","0.838","145","0.503","134","0.507","0.627","0.659","23.9","2.9","2.4","1.1","0.2","2.1","26.9","26.4","29.3","6.8","121","109.4"
"","RJ Barrett","Tor","F-G","24.5","19","34.6","30.1","15.6","123","0.699","247","0.51","110","0.355","0.517","0.553","23.9","6.5","6.2","0.8","0.3","3.5","30.4","30.1","36.6","11.4","109.1","112"
"","Tyler Herro","Mia","G","24.9","19","35.1","27","12.1","76","0.868","144","0.535","189","0.407","0.578","0.615","23.7","5.2","4.9","0.7","0.1","2.4","28.9","28.6","33.8","9.6","117.5","111.4"
"","Franz Wagner","Orl","F","23.3","23","32.8","30.5","11","118","0.864","286","0.528","141","0.333","0.519","0.569","23.7","5.6","5.9","1.8","0.4","2.3","29.3","29.6","35.1","11.2","115.9","101.4"
"","Cade Cunningham","Det","G","23.2","19","36","31.3","19.2","84","0.774","257","0.479","118","0.381","0.508","0.541","23.5","7.1","8.8","0.9","0.8","4.7","30.5","32.3","39.4","12.6","106","108.6"
"","Victor Wembanyama","San","F-C","20.9","18","32.5","31.1","16.5","64","0.859","162","0.617","166","0.337","0.561","0.594","23.5","10.4","3.8","1.3","3.4","3.6","33.9","27.3","37.7","12","108","104.7"
"","Brandon Ingram","Nor","F","27.3","16","33.7","30.8","16.7","47","0.83","203","0.517","107","0.364","0.527","0.553","22.9","5.8","5.4","0.8","0.6","3.9","28.6","28.3","34.1","10.6","103.7","114.7"
"","Zion Williamson","Nor","F","24.4","6","31.1","34.6","17.4","60","0.667","98","0.459","6","0.333","0.462","0.521","22.7","8","5.3","0.7","1.2","3.7","30.7","28","36","12.7","104.3","111.5"
"","Stephen Curry","Gol","G","36.7","16","30.2","29.3","17.3","57","0.947","103","0.515","160","0.419","0.584","0.627","22.6","5.6","6.6","1.4","0.5","3.4","28.1","29.2","34.8","12.5","117.3","108.3"
"","DeMar DeRozan","Sac","G-F","35.3","17","36.2","25.6","9.5","103","0.825","250","0.536","37","0.27","0.519","0.576","22.5","4.2","4.4","1.5","0.6","1.8","26.8","26.9","31.2","8.2","117.3","114"
"","James Harden","Lac","G","35.3","23","34.3","30.4","20.9","171","0.895","186","0.43","195","0.344","0.474","0.563","22.3","6.9","8.8","1.7","0.7","4.4","29.3","31.1","38","12.9","111.6","104.9"
"","Jaren Jackson Jr.","Mem","F-C","25.2","20","28.4","28.3","12.5","110","0.827","200","0.605","107","0.336","0.57","0.62","22.1","6","1.3","1.4","1.8","2.2","28","23.3","29.3","7.8","115.3","101"
"","LeBron James","Lal","F","39.9","21","34.9","29.3","19","95","0.747","247","0.547","116","0.345","0.537","0.569","22","8","9.1","0.6","0.5","4","30","31","39.1","13.4","110.6","115.1"
"","Ja Morant","Mem","G","25.3","12","27.7","33.2","19.8","84","0.845","139","0.532","51","0.294","0.508","0.582","22","4.1","8.6","1","0.3","3.9","26.1","30.6","34.7","13.3","114.3","108.8"
"","Scottie Barnes","Tor","F-G","23.3","11","34","28.8","17.8","67","0.716","127","0.551","62","0.29","0.513","0.554","22","8.5","7.2","1.4","0.6","3.7","30.5","29.2","37.6","13","110.4","111.4"
"","Zach LaVine","Chi","G","29.7","19","33.4","24.6","14.2","63","0.825","156","0.583","140","0.429","0.611","0.639","21.8","4.3","4.1","0.8","0.3","2.6","26.1","25.9","30.2","8.7","114.9","118.2"
"","Jalen Williams","Okc","G-F","23.6","21","31.8","27.2","11.4","70","0.8","242","0.57","109","0.385","0.573","0.6","21.8","6","5.2","2.1","0.9","2.1","27.9","27","33.1","11.1","118.3","99.1"
"","Brandon Miller","Cha","F","22","17","34.3","27.8","12.9","45","0.889","133","0.451","185","0.368","0.509","0.539","21.4","5.2","3.5","1.4","0.8","2.8","26.6","24.9","30.1","8.5","107","110.3"
"","CJ McCollum","Nor","G","33.2","9","32.5","27.6","7.8","24","0.625","90","0.533","76","0.342","0.524","0.535","21","3.8","3.1","1.3","0.4","1.6","24.8","24.1","27.9","7.7","107.8","117"
"","Julius Randle","Min","F-C","30","20","33.8","25.9","16.3","123","0.813","196","0.571","92","0.348","0.556","0.614","21","6.8","4.1","0.8","0.1","2.8","27.8","25.1","31.9","9.9","118.3","106.1"
"","Domantas Sabonis","Sac","F-C","28.6","20","36.4","22.1","21.3","96","0.802","207","0.676","51","0.412","0.665","0.699","21","12.6","6.3","0.8","0.5","3.5","33.6","27.3","39.9","13","128.1","103.7"
"","Nikola Vucevic","Chi","C","34.1","22","31.8","22.7","11.2","51","0.843","213","0.634","103","0.476","0.66","0.68","20.9","10","3.2","0.7","0.9","1.8","30.9","24.1","34.1","11","127.4","112.5"
"","Trae Young","Atl","G","26.2","21","35.7","27","22.6","131","0.893","169","0.456","174","0.322","0.469","0.548","20.9","3.9","12.2","1.3","0.1","4.8","24.8","33.1","37","11.2","111.1","114.6"
"","Jordan Poole","Was","G","25.5","17","29.7","29","18.5","75","0.867","135","0.474","125","0.416","0.546","0.596","20.5","2.2","4.8","1.8","0.5","3.5","22.7","25.3","27.5","8.1","106.9","113.3"
"","Pascal Siakam","Ind","F","30.7","22","34.2","22.5","9.2","77","0.792","230","0.583","97","0.412","0.593","0.622","20.4","6.4","3.8","0.9","0.2","1.5","26.8","24.2","30.6","9.3","124.4","113.2"
"","Darius Garland","Cle","G","24.9","21","30","26.5","13.6","61","0.951","170","0.529","140","0.45","0.595","0.634","20.3","2.4","6.7","1.1","0.2","2.3","22.8","27","29.5","9.2","124.7","108.4"
"","Jalen Johnson","Atl","F","23","21","36.2","22.7","17.1","67","0.746","232","0.565","98","0.367","0.561","0.584","20","9.8","5.5","1.3","1.1","3.2","29.8","25.5","35.3","11.3","110.3","110.9"
"","Joel Embiid","Phi","C-F","30.7","4","31.4","29.8","18.2","32","1","40","0.475","18","0.167","0.405","0.548","19.8","7.5","3.5","0.5","1","3.3","27.3","23.3","30.8","10.2","107","107.4"
"","Jalen Green","Hou","G","22.8","22","32.3","26.1","14","94","0.862","183","0.47","172","0.331","0.483","0.535","19.3","4.8","2.7","1","0.3","2.6","24","22","26.7","7.8","104.8","104.7"
"","Kristaps Porzingis","Bos","F-C","29.3","3","26.6","25.9","2.4","15","0.8","22","0.636","18","0.333","0.575","0.622","19.3","7.3","1.7","1.3","0.7","0.3","26.7","21","28.3","9.3","129.7","103"
"","Lauri Markkanen","Uta","F-C","27.5","17","32.2","22.2","8.8","89","0.854","111","0.523","117","0.385","0.55","0.612","19.2","6.5","2.2","0.7","0.1","1.3","25.8","21.5","28","8.1","125.9","117.8"
"","Alperen Sengun","Hou","C","22.4","22","30.8","26.3","11.9","114","0.763","307","0.495","33","0.273","0.487","0.536","19","10.8","5.3","1.1","1.2","2.1","29.8","24.3","35.1","13.4","117.1","97.5"
"","Jimmy Butler","Mia","F","35.2","14","31.9","22.1","11.3","113","0.788","135","0.57","21","0.333","0.561","0.642","18.9","5.1","4.8","1.2","0.3","1.4","24","23.6","28.8","9.7","135","113"
"","Michael Porter Jr.","Den","F","26.4","19","35.5","20","7.4","43","0.651","158","0.582","118","0.407","0.594","0.604","18.7","7.2","2.7","0.8","0.3","1.2","25.9","21.5","28.7","8","120.8","111"
"","Dennis Schroder","Bro","G","31.2","20","34.1","24.1","14.7","76","0.895","153","0.49","132","0.386","0.532","0.583","18.6","3.1","6.6","1.2","0.2","2.5","21.6","25.1","28.2","8.5","115.5","114.6"
"","De'Andre Hunter","Atl","F-G","27","11","27.4","23.3","9.8","48","0.896","74","0.541","64","0.422","0.583","0.641","18.5","4.1","1.2","0.6","0.2","1.4","22.6","19.7","23.8","6.6","121","110.3"
"","Bennedict Mathurin","Ind","G-F","22.5","22","32.6","22.4","14.1","122","0.844","185","0.519","89","0.416","0.553","0.62","18.5","6.6","1.8","0.7","0.3","2","25","20.3","26.9","7.4","115.7","114"
"","Derrick White","Bos","G","30.4","20","34.2","20","9.8","40","0.85","84","0.607","184","0.418","0.621","0.643","18.4","4.8","4.6","0.8","1","1.5","23.2","23","27.8","8.7","130.3","107.8"
"","Coby White","Chi","G","24.8","21","32.5","23","15.1","70","0.871","110","0.527","182","0.379","0.553","0.595","18.3","3.7","4.5","1.1","0.2","2.5","22","22.8","26.5","8.3","111.2","115.5"
"","Cameron Johnson","Bro","F","28.8","21","32.5","20.1","6.1","65","0.908","107","0.589","154","0.422","0.615","0.656","18.1","4.2","3","0.8","0.4","0.8","22.3","21.1","25.3","7.5","131.4","115.9"
"","Gradey Dick","Tor","G-F","21","17","32.9","22.8","11.1","68","0.912","130","0.485","117","0.342","0.498","0.556","18.1","3.1","2.2","0.9","0.3","1.8","21.2","20.4","23.4","6.1","110.9","115.2"
"","Jaden Ivey","Det","G","22.8","22","30.9","26.7","17.3","98","0.724","205","0.483","110","0.382","0.514","0.551","18","4.3","4.4","1","0.4","3","22.2","22.3","26.6","9","106.4","109.1"
"","Devin Vassell","San","G-F","24.3","7","23.3","27.6","13.2","14","1","42","0.571","43","0.488","0.653","0.686","17.9","1.4","2.7","0.9","0.4","1.9","19.3","20.6","22","7","120.7","108.1"
"","John Collins","Uta","F-C","27.2","20","29.2","24.1","17","68","0.912","193","0.575","60","0.4","0.581","0.629","17.8","8.7","2.5","1.2","0.8","2.6","26.5","20.3","29","10","117.1","109.3"
"","Evan Mobley","Cle","C","23.5","21","31.3","23.1","15","88","0.818","224","0.585","41","0.317","0.568","0.614","17.8","9.3","2.8","1","1.6","2.2","27.1","20.5","29.9","9.9","118.5","105.4"
"","Shaedon Sharpe","Por","G","21.5","14","30.5","24.8","12.5","57","0.807","117","0.547","85","0.294","0.502","0.548","17.8","3.2","2.2","0.9","0.2","2.1","21","20","23.2","6.6","107.6","117.1"
"","Jamal Murray","Den","G","27.8","16","35.7","22.2","11.4","61","0.803","145","0.476","96","0.333","0.485","0.528","17.7","4.1","6.3","1.4","0.6","1.9","21.8","23.9","28","8.6","112.1","113.6"
"","Tyrese Haliburton","Ind","G","24.8","22","35.1","21.7","11.7","69","0.855","126","0.532","191","0.34","0.519","0.558","17.6","3.4","8.5","1.3","0.5","1.9","21","26.1","29.5","9.1","120","118.8"
"","Bradley Beal","Pho","G","31.4","12","33.2","21.4","11.2","30","0.8","88","0.58","71","0.394","0.585","0.61","17.5","4.2","3.3","1.2","0.8","1.7","21.7","20.8","24.9","7.5","115.6","110.2"
"","O.G. Anunoby","Nyk","F-G","27.4","21","36.3","18.9","8.6","55","0.836","153","0.582","124","0.379","0.576","0.606","17.4","5","2","1.3","1","1.2","22.4","19.4","24.4","6.2","119.9","110.9"
"","Trey Murphy III","Nor","F","24.5","9","32.5","23.9","8.5","30","0.833","64","0.484","75","0.307","0.471","0.512","17.3","4.9","2.3","0.9","0.7","1.4","22.2","19.7","24.6","7.1","105.8","116.3"
"","Andrew Wiggins","Gol","F","29.8","18","28.9","22.3","7.3","76","0.776","133","0.489","96","0.417","0.546","0.589","17.2","4.3","2.4","0.9","0.7","1","21.4","19.6","23.9","7.8","122.7","108.7"
"","Collin Sexton","Uta","G","25.9","21","28.3","24.2","16.9","80","0.888","166","0.512","89","0.427","0.557","0.612","16.9","2.6","3.2","0.7","0.1","2.5","19.5","20.1","22.7","7.3","115","117.2"
"","Anfernee Simons","Por","G","25.5","19","30.4","24.9","14.8","55","0.891","134","0.478","142","0.331","0.487","0.53","16.7","2.5","4.4","0.9","0.1","2.5","19.3","21.2","23.7","7.5","105.9","116.5"
"","Austin Reaves","Lal","G","26.5","19","33.7","21.9","14.7","62","0.774","109","0.55","141","0.355","0.54","0.573","16.7","3.5","4.8","1.1","0.2","2.3","20.3","21.6","25.1","7.8","111.3","114.4"
"","Mikal Bridges","Nyk","G-F","28.3","21","37.8","19","9.5","14","0.643","163","0.595","142","0.331","0.549","0.553","16.4","3.7","3.2","1","0.5","1.5","20","19.6","23.3","6.1","111","116.8"
"","Payton Pritchard","Bos","G","26.8","21","28","20.4","8.1","40","0.875","56","0.679","181","0.431","0.654","0.678","16.4","3.1","2.9","1.1","0.1","1","19.5","19.3","22.4","7.5","134.4","108.7"
"","Chet Holmgren","Okc","C-F","22.6","10","26.5","25","17.1","49","0.776","74","0.568","37","0.378","0.568","0.619","16.4","8.7","2","0.8","2.6","2.3","25.1","18.4","27.1","9.9","113.5","98.8"
"","Fred VanVleet","Hou","G","30.8","21","35.1","19.6","7.9","59","0.831","143","0.476","158","0.323","0.48","0.517","16.1","4.2","5.9","1.6","0.4","1.2","20.3","22","26.2","8.4","117.5","103.5"
"","Jared McCain","Phi","G","20.8","19","25","26.2","10.4","53","0.906","119","0.538","114","0.377","0.552","0.595","16.1","2.4","2.5","0.6","0","1.4","18.5","18.6","21","7.3","116.9","114.9"
"","Jakob Poeltl","Tor","C","29.1","22","32.7","19.5","16.4","77","0.649","253","0.597","1","0","0.594","0.611","16","11.8","2.5","1.1","1.3","2.3","27.8","18.5","30.3","9.5","117","104.1"
"","Miles Bridges","Cha","F","26.7","11","30.1","22.4","9.3","33","0.848","77","0.494","69","0.348","0.507","0.548","16","6.5","3","0.6","0.5","1.4","22.5","19","25.5","9","115.4","113"
"","Paul George","Phi","F","34.6","10","29.5","26.7","18.1","33","0.818","70","0.471","65","0.338","0.489","0.532","15.9","5.3","5.1","2.1","0.3","3","21.2","21","26.3","10.2","103.7","106.5"
"","Jerami Grant","Por","F","30.7","20","32.7","20.8","9.9","82","0.817","141","0.411","123","0.358","0.47","0.525","15.8","3.5","2.5","1","1.1","1.5","19.3","18.2","21.7","6.3","109.3","115.2"
"","Myles Turner","Ind","C-F","28.7","20","32.5","21.2","17.7","63","0.714","136","0.529","105","0.4","0.56","0.586","15.8","7.4","1.5","0.8","2","2.6","23.2","17.2","24.6","6.9","102.4","110.7"
"","Kyle Kuzma","Was","F","29.4","12","27.5","28.3","13.8","32","0.688","123","0.488","58","0.276","0.464","0.487","15.8","5.6","1.9","0.4","0.3","2.4","21.4","17.8","23.3","8","90.1","117.3"
"","Bam Adebayo","Mia","C-F","27.4","19","35.3","21.9","11.6","76","0.724","213","0.441","54","0.333","0.453","0.494","15.6","9.8","4.9","1.7","0.8","1.8","25.5","20.5","30.4","10.3","109.6","106.8"
"","Christian Braun","Den","G","23.6","19","35","15.8","12.5","72","0.778","137","0.628","51","0.451","0.641","0.676","15.6","5.1","1.9","1.2","0.6","1.4","20.7","17.6","22.7","6.1","126.8","112"
"","Malik Monk","Sac","G","26.8","15","27.9","22","9.2","39","0.821","89","0.551","88","0.386","0.565","0.597","15.5","3.4","4.5","0.9","0.5","1.2","18.9","19.9","23.3","8.9","122","109.6"
"","Keyonte George","Uta","G","21.1","20","31.8","24.3","19.6","58","0.793","117","0.453","158","0.329","0.476","0.512","15.4","3.1","5.7","0.7","0.1","3.4","18.5","21.1","24.2","8.2","101.3","119.6"
"","Malik Beasley","Det","G","28","23","28.4","21.9","8.1","31","0.71","92","0.511","202","0.391","0.563","0.574","15.3","3","1.9","0.7","0","1.1","18.3","17.3","20.3","6.2","113.1","113.6"
"","Immanuel Quickley","Tor","G","25.5","3","22.5","30.6","8.6","9","0.889","26","0.385","16","0.375","0.452","0.5","15.3","2","4","0.7","0","1.3","17.3","19.3","21.3","8.8","109.3","111"
"","Jeremy Sochan","San","F","21.5","8","28.4","24.1","14.3","33","0.636","83","0.554","13","0.231","0.526","0.552","15.3","8.3","2.9","1","0.5","2","23.5","18.1","26.4","10.1","110.7","104"
"","Jalen Suggs","Orl","G","23.5","22","29.6","24.3","17.5","65","0.938","130","0.531","148","0.304","0.491","0.545","15.2","4.1","3.9","1.4","1","2.7","19.3","19.1","23.2","8.4","103.1","100.5"
"","Jordan Clarkson","Uta","G","32.5","13","26","27.4","13","46","0.804","94","0.489","80","0.275","0.454","0.502","15","3.8","3.8","0.8","0.1","2","18.8","18.8","22.7","9.2","105.2","117.9"
"","Ivica Zubac","Lac","C","27.7","23","32.5","19.3","16.1","69","0.522","255","0.604","0","0","0.604","0.603","15","12.3","2.4","0.6","1","2.1","27.2","17.4","29.7","9.4","116.8","104.1"
"","Buddy Hield","Gol","G","32","20","23.2","23.2","9.1","24","0.917","75","0.493","153","0.438","0.603","0.622","14.9","3.5","1.5","0.8","0.3","1.2","18.3","16.4","19.8","7.4","117.4","104.3"
"","Aaron Gordon","Den","F","29.2","9","29.9","17.3","12.6","33","0.818","55","0.527","28","0.571","0.639","0.682","14.8","6.3","3.4","0.7","0.2","1.3","21.1","18.2","24.6","9.1","135.2","112.7"
"","Deandre Ayton","Por","C","26.4","15","30.7","19.4","13","19","0.684","164","0.591","17","0.294","0.577","0.586","14.8","9.8","1.3","0.9","0.7","1.8","24.6","16.1","25.9","7.5","111.5","110.3"
"","Desmond Bane","Mem","G","26.4","15","27.7","23","14.8","32","0.781","103","0.524","87","0.31","0.497","0.524","14.3","6.1","3.9","0.9","0.5","2.2","20.4","18.1","24.3","10.1","103.9","102.4"
"","Tre Mann","Cha","G","23.8","13","24.5","25.8","13.4","21","0.905","101","0.455","60","0.4","0.509","0.537","14.1","2.9","3","0.5","0.3","1.9","17","17.1","20","8.1","108","112.9"
"","Jarrett Allen","Cle","C","26.6","22","29.4","15.8","11.4","78","0.731","178","0.708","1","0","0.704","0.724","14","10.3","1.6","1","1","1","24.4","15.6","26","8.3","141.4","106.8"
"","Jonathan Kuminga","Gol","F","22.2","18","23.1","26.8","10","71","0.592","151","0.497","64","0.297","0.481","0.506","13.8","4.2","1.8","1.1","0.4","1.3","18","15.7","19.8","8.2","102.6","104.1"
"","Dyson Daniels","Atl","G","21.7","20","33.8","18.7","12.4","31","0.645","179","0.514","83","0.289","0.489","0.501","13.8","5.2","3","3.1","1","1.9","19","16.8","22","7.1","101.2","109.3"
"","Josh Hart","Nyk","G","29.7","21","37.1","14","17.4","44","0.864","120","0.717","69","0.377","0.661","0.691","13.7","8.6","5.7","1.4","0.4","1.9","22.3","19.4","28","9.4","135","109.6"
"","Tobias Harris","Det","F","32.4","22","32.6","18.4","10.1","49","0.816","163","0.515","95","0.316","0.5","0.533","13.5","7","2.5","0.8","0.9","1.3","20.5","16","23","7.6","109.3","109"
"","Naz Reid","Min","C-F","25.3","20","24.7","21.7","11","38","0.895","98","0.602","104","0.375","0.582","0.615","13.5","5","1.5","0.8","0.7","1.3","18.5","15","20","7.5","116.5","102.8"
"","Malcolm Brogdon","Was","G","32","8","23.7","22.3","13.3","26","0.885","61","0.574","17","0.294","0.545","0.604","13.5","4.3","2.6","0.5","0.3","1.5","17.8","16.1","20.4","9","116.6","114.9"
"","Dejounte Murray","Nor","G","28.2","5","31.2","29","18.1","18","0.889","53","0.302","28","0.214","0.309","0.371","13.2","6.2","6.6","2.4","0.4","3.6","19.4","19.8","26","10.4","82","111"
"","Santi Aldama","Mem","F-C","23.9","22","27.5","18.1","11.8","23","0.783","137","0.635","94","0.34","0.584","0.597","13.1","7.5","3.4","0.9","0.5","1.4","20.5","16.5","24","10.1","120.1","108.2"
"","Jordan Hawkins","Nor","G","22.6","11","27.4","21.5","10","31","0.903","60","0.417","66","0.333","0.46","0.516","13.1","3.8","1.3","0.3","0.4","1.3","16.9","14.4","18.2","5.9","103.5","120.1"
"","Moritz Wagner","Orl","F-C","27.6","23","19.2","26.7","16.6","86","0.744","139","0.64","57","0.333","0.599","0.639","13","5.1","1.4","0.7","0.4","1.7","18.1","14.4","19.5","9.4","116.2","97.8"
"","Isaiah Hartenstein","Okc","C-F","26.6","6","30","18.9","17.7","16","0.625","58","0.586","2","0","0.567","0.582","13","12.3","4.2","0.7","1.5","2.2","25.3","17.2","29.5","11.7","115.7","91.5"
"","Kelly Oubre Jr.","Phi","F-G","29","19","30.7","19.5","10.3","38","0.763","133","0.534","84","0.286","0.493","0.52","12.8","4.9","1.3","1.1","0.5","1.3","17.7","14.1","18.9","5.6","104.2","106.8"
"","Bobby Portis","Mil","F","29.8","19","23.9","24.8","8.9","22","0.727","162","0.5","62","0.355","0.509","0.522","12.8","7.2","1.4","0.5","0.5","1.2","20.1","14.3","21.5","8.5","105.7","108.2"
"","P.J. Washington","Dal","F","26.3","17","32.9","16.8","14.1","40","0.725","111","0.514","65","0.385","0.537","0.563","12.8","8.6","2.6","1.4","1.2","1.7","21.4","15.4","24","8","112","105.8"
"","Klay Thompson","Dal","G","34.8","18","28.1","20.1","7.7","18","0.944","75","0.413","139","0.36","0.495","0.516","12.7","3.5","1.9","0.7","0.4","1","16.2","14.6","18.1","6.2","106.9","113.1"
"","Nick Richards","Cha","C","27","7","27.5","16.6","17.5","42","0.69","46","0.652","1","0","0.638","0.68","12.7","10","1.7","0.6","2.3","1.4","22.7","14.4","24.4","8.7","132.8","103.4"
"","Daniel Gafford","Dal","F-C","26.2","21","21.2","18.7","10.5","59","0.695","153","0.732","0","0","0.732","0.74","12.6","6.6","1.3","0.6","1.2","0.9","19.2","14","20.6","9","144.7","101.5"
"","D'Angelo Russell","Lal","G","28.8","20","27.2","21.3","14.1","38","0.868","96","0.531","116","0.328","0.509","0.544","12.5","2.6","4.8","1","0.2","1.8","15.1","17.3","19.9","7.9","109.4","113.3"
"","Terry Rozier","Mia","G","30.7","17","29.6","19.8","13.6","33","0.879","87","0.448","97","0.361","0.497","0.534","12.5","3.6","3.2","0.6","0.4","1.7","16.1","15.7","19.3","7.1","105.5","112.1"
"","Dillon Brooks","Hou","G-F","28.9","22","30.5","16.7","8","32","0.844","124","0.444","116","0.388","0.51","0.535","12.4","3.5","1.5","0.5","0.2","1","15.9","13.8","17.4","5.3","112.4","101.6"
"","Brook Lopez","Mil","C","36.7","20","32.8","15.3","10.7","32","0.719","81","0.63","110","0.364","0.581","0.597","12.3","5","1.8","1.3","2.4","1.2","17.3","14.1","19.1","5.9","116.5","109.1"
"","Bilal Coulibaly","Was","G","20.4","18","34.9","15.2","16.2","58","0.759","115","0.548","56","0.304","0.518","0.562","12.3","5.4","2.9","1.3","0.6","1.8","17.7","15.2","20.7","6.6","109.5","117.9"
"","Keegan Murray","Sac","F","24.3","22","36.9","15.5","8.7","29","0.828","130","0.538","122","0.287","0.486","0.508","12.2","7.7","1.6","0.7","0.8","1.1","20","13.8","21.5","5.8","108.6","109.6"
"","Jonas Valanciunas","Was","C","32.6","19","20","23","16.5","49","0.918","149","0.597","8","0.25","0.586","0.641","12.1","7.7","2.1","0.4","0.7","1.6","19.8","14.2","21.9","11.6","121.4","112.2"
"","Keldon Johnson","San","F-G","25.1","20","26.2","19.7","6.5","54","0.759","121","0.529","80","0.3","0.498","0.536","12.1","5.6","1.7","0.7","0.2","0.7","17.6","13.7","19.3","7.4","112.3","108"
"","Josh Giddey","Chi","G","22.2","22","27.1","21.4","19.6","56","0.696","145","0.503","80","0.338","0.504","0.533","12.1","6.3","6.9","0.8","0.5","2.5","18.4","19","25.3","11.9","111.3","115.2"
"","Jaylen Wells","Mem","F","21.3","22","25.2","18.6","10.8","35","0.771","101","0.535","113","0.389","0.561","0.582","12.1","3.4","1.9","0.5","0.2","1.2","15.5","14","17.4","6.8","114","110"
"","Deni Avdija","Por","F","23.9","22","26.9","20","18.2","79","0.797","122","0.467","84","0.345","0.488","0.548","12","6","3.2","1.1","0.8","2.1","18","15.2","21.1","9.1","108.6","110.7"
"","Ayo Dosunmu","Chi","G","24.9","22","29.3","17","11.5","42","0.786","129","0.62","87","0.276","0.537","0.565","12","3.6","4.2","0.5","0.5","1.3","15.6","16.3","19.9","7.7","116.2","116.1"
"","Brandon Boston Jr.","Nor","G","23","19","28.5","19.4","13.5","44","0.864","121","0.488","77","0.312","0.48","0.524","12","3.9","3.7","1.6","0.2","1.6","15.9","15.7","19.6","7.8","108","115.5"
"","Ochai Agbaji","Tor","G","24.6","22","31.7","13.2","9.8","20","0.7","105","0.581","88","0.489","0.65","0.657","12","4.5","2.1","1.1","0.6","1","16.5","14.1","18.6","6.1","126.9","112"
"","Rui Hachimura","Lal","F","26.8","16","31.9","15.3","6.1","31","0.839","96","0.469","58","0.431","0.536","0.57","11.9","5.3","1.8","0.8","0.5","0.6","17.3","13.8","19.1","6.1","121.6","114.2"
"","Ty Jerome","Cle","G-F","27.4","21","18.8","22.2","15","38","0.895","92","0.62","66","0.5","0.674","0.707","11.8","2","3.6","1.4","0","1.3","13.7","15.4","17.3","9.4","133.1","106.2"
"","Julian Champagnie","San","F","23.4","21","29.3","16.5","10.8","31","0.903","54","0.648","144","0.347","0.556","0.586","11.8","5.3","1.6","0.9","0.6","1.1","17.1","13.4","18.7","6.3","112.9","110.7"
"","Russell Westbrook","Den","G","36.1","19","24.6","24.5","19","73","0.671","120","0.4","72","0.361","0.453","0.498","11.7","3.8","6","1.4","0.6","2.4","15.6","17.7","21.6","10.5","105.2","106.8"
"","Jrue Holiday","Bos","G","34.5","19","31.2","16.5","14.7","33","0.909","83","0.578","96","0.333","0.536","0.574","11.7","4.2","3.9","0.8","0.3","1.6","15.9","15.6","19.8","7.4","117.6","110.7"
"","Tyus Jones","Pho","G","28.6","20","32.5","14.9","9.9","14","0.786","88","0.568","103","0.398","0.584","0.593","11.7","2.6","7.1","1.1","0.1","1.1","14.3","18.8","21.4","7.4","131","117"
"","Scoot Henderson","Por","G","20.8","16","26.5","22.8","22.8","44","0.75","116","0.457","50","0.32","0.464","0.504","11.7","2.9","5.4","0.9","0.1","3.1","14.6","17.1","20","8.6","99.3","112.2"
"","Jabari Smith Jr.","Hou","F","21.6","22","29.5","15.2","5.9","45","0.867","103","0.524","105","0.352","0.526","0.566","11.7","6.8","0.8","0.3","0.8","0.6","18.5","12.5","19.4","5.4","121.9","102.1"
"","Naji Marshall","Dal","F","26.9","20","24.1","18.9","14.5","34","0.882","120","0.65","51","0.294","0.588","0.621","11.6","3.4","2.4","1","0.1","1.5","14.9","14","17.3","7.6","119.5","110.5"
"","Zaccharie Risacher","Atl","F","19.7","22","24.3","21.1","10.3","60","0.683","124","0.516","103","0.282","0.474","0.505","11.6","3.5","1.4","0.9","0.8","1.2","15.1","13","16.5","6.3","101.9","111.1"
"","Dalton Knecht","Lal","F","23.6","21","24.3","17.6","4.1","22","0.773","70","0.586","117","0.41","0.604","0.618","11.6","3.4","1.1","0.5","0","0.4","15","12.7","16.1","5.8","122.7","114.4"
"","Caris LeVert","Cle","G","30.3","16","24.1","18.7","14.6","37","0.703","69","0.58","59","0.441","0.617","0.638","11.5","2.9","4","0.9","0.4","1.4","14.4","15.5","18.4","8.5","125.2","110.6"
"","Stephon Castle","San","G","20.1","21","27.2","21.7","14.7","65","0.723","131","0.458","89","0.281","0.443","0.487","11.5","2.5","3.7","0.8","0.4","1.8","14","15.2","17.7","7","101.1","112"
"","Amen Thompson","Hou","G-F","21.8","22","26.6","17","18.9","86","0.698","145","0.593","22","0.273","0.569","0.61","11.4","6.9","2","1.2","0.9","1.8","18.3","13.4","20.3","8.1","116.7","98.1"
"","Miles McBride","Nyk","G","24.2","16","25.4","17.7","10.2","18","0.889","59","0.508","81","0.432","0.589","0.612","11.3","2.7","2.6","1","0.3","1","14","13.9","16.6","6.8","121.7","111.8"
"","Scotty Pippen Jr.","Mem","G","24.1","22","24.1","19.9","18.6","48","0.75","130","0.538","66","0.364","0.541","0.571","11.3","3.8","5.4","1.2","0.4","2","15.1","16.7","20.5","10.2","114.4","102.1"
"","Tari Eason","Hou","F","23.6","22","22.9","19.8","8.8","43","0.767","140","0.557","66","0.303","0.524","0.554","11.3","6.5","1.1","2.1","1","0.9","17.8","12.4","18.9","7.6","116.5","94.4"
"","Harrison Barnes","San","F","32.5","21","28.9","14.2","9.8","61","0.803","88","0.534","68","0.441","0.59","0.637","11.1","4.7","1.6","0.3","0.2","0.8","15.8","12.7","17.4","6","129.1","115.6"
"","Bogdan Bogdanovic","Atl","G","32.3","8","24.8","20.3","12.7","12","1","28","0.464","54","0.315","0.47","0.51","11.1","3.6","1.9","0.6","0.4","1.5","14.8","13","16.6","6.8","100.8","108"
"","Onyeka Okongwu","Atl","F-C","24","20","23.7","17.1","10.8","54","0.815","122","0.639","35","0.2","0.564","0.611","11.1","6.6","1.7","0.7","0.7","1","17.6","12.7","19.3","8.4","124.8","109.4"
"","Zach Edey","Mem","C","22.6","14","20.1","20.4","17.9","33","0.667","95","0.611","10","0.6","0.638","0.653","11.1","6.9","0.8","0.9","1","1.6","18.1","11.9","18.9","7.8","118.3","95.8"
"","Corey Kispert","Was","F","25.8","19","27.6","17.1","10.2","24","0.833","72","0.569","112","0.313","0.508","0.532","10.9","3.4","1.5","0.6","0.2","1.1","14.3","12.4","15.8","5.5","101.9","120"
"","Walker Kessler","Uta","C","23.4","15","28.8","13","18.1","41","0.585","95","0.737","0","0","0.737","0.725","10.9","10.5","1.3","0.5","2.8","1.4","21.4","12.3","22.7","7.4","132.8","112"
"","Rudy Gobert","Min","C","32.4","20","34.3","12","21.7","69","0.783","122","0.656","0","0","0.656","0.702","10.7","11.2","1.9","0.5","1.5","1.7","21.9","12.6","23.8","7.1","133","103.5"
"","Dorian Finney-Smith","Bro","F","31.6","15","29","15","11.6","18","0.611","39","0.564","83","0.422","0.611","0.616","10.7","4.3","1.8","0.9","0.5","1.1","14.9","12.5","16.7","6","119.8","110.7"
"","Jose Alvarado","Nor","G","26.6","11","25.6","18.4","12.1","17","0.824","41","0.39","60","0.4","0.515","0.544","10.7","2.2","4.5","1.5","0.3","1.3","12.9","15.2","17.4","7.4","115.6","113.4"
"","Clint Capela","Atl","C","30.5","22","22.8","17.1","9.4","48","0.563","173","0.595","0","0","0.595","0.6","10.6","9.2","1.4","0.7","0.9","0.8","19.8","12","21.1","9","125","107.8"
"","Grayson Allen","Pho","G","29.2","16","23.1","19.9","12","37","0.811","33","0.545","99","0.343","0.523","0.566","10.5","2.7","1.3","0.7","0.3","1.1","13.2","11.8","14.5","5.8","107.8","113.1"
"","Alexandre Sarr","Was","C","19.6","19","26.8","20.1","11.9","44","0.659","113","0.478","86","0.244","0.43","0.458","10.5","6.2","2.1","0.7","1.8","1.4","16.7","12.6","18.8","7.7","96.7","113.3"
"","Grant Williams","Cha","F","26","16","29.9","14.8","18.5","37","0.838","49","0.551","74","0.365","0.549","0.596","10.4","5.1","2.3","1.1","0.8","1.8","15.5","12.7","17.8","6.6","113.9","107.8"
"","Chris Paul","San","G","39.6","21","28.8","15.7","18.4","31","1","59","0.576","109","0.358","0.551","0.595","10.3","3.7","8.2","1.4","0.2","1.8","14","18.5","22.2","9.4","127.2","108.8"
"","Duncan Robinson","Mia","F","30.6","18","21.9","21.3","8.6","13","0.769","48","0.458","122","0.361","0.518","0.529","10.3","2.2","2","0.4","0.2","0.9","12.6","12.3","14.6","6.5","105.8","107.9"
"","T.J. McConnell","Ind","G","32.7","21","19.2","23.7","16.4","21","0.714","171","0.567","7","0.286","0.562","0.574","10.2","2.7","4","1.3","0.2","1.7","12.9","14.2","16.9","10","111.1","115"
"","Derrick Jones Jr.","Lac","F","27.8","23","25.4","16.1","12.1","30","0.867","116","0.552","65","0.415","0.577","0.605","10.2","3.6","0.9","1.3","0.2","1.1","13.8","11.1","14.7","5.1","115.4","104.4"
"","De'Anthony Melton","Gol","G","26.5","6","20.2","23","15.6","8","0.5","19","0.474","35","0.371","0.528","0.53","10.2","3.3","2.8","1.2","0.3","1.7","13.5","13","16.3","9","104.1","97.1"
"","Tim Hardaway Jr.","Det","G-F","32.7","20","27.6","14.7","6.9","37","0.892","52","0.5","109","0.358","0.525","0.57","10.1","1.8","1.7","0.3","0","0.6","11.9","11.8","13.6","4.5","118.2","115.9"
"","Amir Coffey","Lac","G-F","27.5","23","23.8","15.7","7.6","38","0.842","80","0.525","89","0.438","0.595","0.627","10.1","2.5","1.3","0.6","0","0.6","12.7","11.4","13.9","5.4","125.7","109.4"
"","Dalano Banton","Por","F","25.1","20","16.8","27.1","17.5","48","0.667","98","0.469","67","0.388","0.515","0.543","10.1","2.4","2.6","1","0.6","1.8","12.5","12.7","15","9.5","104.3","112.8"
"","Chris Boucher","Tor","F","31.9","22","18","21.4","7.6","47","0.745","86","0.651","84","0.286","0.541","0.574","10","4.4","0.7","0.5","0.8","0.6","14.4","10.6","15","7","117","111.4"
"","Patrick Williams","Chi","F","23.3","15","28.9","16.7","17.9","25","0.84","62","0.355","71","0.394","0.481","0.517","9.9","5","2.3","1","0.5","1.9","14.9","12.3","17.3","6.7","98.2","117.3"
"","Jaden McDaniels","Min","F","24.2","20","30.1","15.5","11.4","26","0.692","100","0.55","78","0.295","0.503","0.52","9.9","3.7","1.9","1.2","0.9","1.2","13.5","11.7","15.4","5.5","106.1","103.7"
"","Luguentz Dort","Okc","G","25.6","21","29.2","13.4","7.8","29","0.828","56","0.446","110","0.4","0.548","0.576","9.8","4.5","1.9","1.1","0.8","0.7","14.3","11.7","16.2","6","121.1","101.5"
"","Aaron Wiggins","Okc","G","25.9","21","21.2","19.2","9.8","15","0.8","97","0.495","78","0.41","0.549","0.562","9.7","3.8","1.6","0.9","0.3","0.9","13.5","11.3","15","7.3","112.1","105"
"","Peyton Watson","Den","G","22.2","19","25.6","15.1","10.3","40","0.8","93","0.548","46","0.37","0.55","0.591","9.7","3.4","1.3","0.7","1","0.8","13.2","11.1","14.5","5.5","118","111.2"
"","Trendon Watford","Bro","G-F","24.1","9","18.2","25","17.4","26","0.808","45","0.533","21","0.286","0.5","0.562","9.7","3.3","1.4","0.6","0.4","1.6","13","11.1","14.4","7.8","102.4","103.7"
"","Royce O'Neale","Pho","F","31.5","20","25.3","16.4","10","17","0.706","57","0.439","105","0.41","0.552","0.563","9.6","5.9","2.1","1","0.7","0.9","15.5","11.6","17.5","7.8","114.5","106.9"
"","Guerschon Yabusele","Phi","F","29","19","23.9","17.5","15.5","29","0.586","65","0.554","77","0.403","0.581","0.588","9.6","5.8","1.8","0.7","0.5","1.4","15.4","11.4","17.3","7.8","114.1","104.5"
"","Caleb Martin","Phi","F","29.2","17","31.6","16","18.6","53","0.679","90","0.456","50","0.3","0.454","0.499","9.6","4.9","2.5","1","0.5","1.9","14.5","12.1","16.9","6.2","99.7","112.6"
"","Obi Toppin","Ind","F","26.8","21","19.8","18.1","9.1","21","0.857","84","0.714","66","0.318","0.61","0.631","9.6","3.6","1.6","0.5","0.4","0.7","13.2","11.2","14.8","7.7","122.7","115.2"
"","Robert Williams III","Por","C-F","27.1","7","18.8","15.9","15.4","13","0.923","36","0.722","2","0.5","0.724","0.766","9.6","6","1.4","1.1","1.9","1","15.6","11","17","9.2","141.4","111.1"
"","Nickeil Alexander-Walker","Min","G","26.3","20","24.4","15.5","17.5","27","0.778","59","0.593","73","0.452","0.64","0.66","9.5","2.8","2.6","1","0.4","1.4","12.3","12.1","14.9","6.7","121.7","108.1"
"","Al Horford","Bos","C-F","38.5","16","27.8","13.2","10.5","6","1","33","0.606","86","0.407","0.609","0.621","9.4","5.1","2.3","0.8","0.9","0.9","14.6","11.8","16.9","6.9","125.2","108.1"
"","Toumani Camara","Por","F","24.6","22","31","13.8","16.6","25","0.68","89","0.461","92","0.391","0.525","0.539","9.4","5.2","2.2","1.5","0.4","1.6","14.6","11.6","16.8","6.1","107.8","111.2"
"","Jaime Jaquez Jr.","Mia","G","23.8","15","22.3","21.4","15.8","42","0.69","92","0.457","30","0.3","0.455","0.498","9.3","5.7","2.5","1.1","0.1","1.5","15","11.8","17.5","9.1","102.8","107"
"","Marcus Smart","Mem","G","30.7","12","21.2","20.6","19.6","29","0.862","37","0.459","57","0.298","0.452","0.515","9.2","2.4","4.4","1.5","0.5","1.9","11.6","13.6","16","8.7","108.2","105.4"
"","Aaron Nesmith","Ind","G-F","25.1","6","22.7","14.8","12.1","13","0.846","25","0.52","11","0.545","0.611","0.659","9.2","4","1","0.7","0.3","0.8","13.2","10.2","14.2","5.9","123.6","102.9"
"","Isaiah Joe","Okc","G","25.4","19","22.2","16.6","6.2","10","0.7","30","0.533","120","0.375","0.557","0.563","9.2","2.7","1.7","0.8","0.2","0.5","11.8","10.8","13.5","6.3","115.4","104.2"
"","Dereck Lively II","Dal","C","20.8","17","23.1","14.2","17.8","45","0.6","92","0.707","0","0","0.707","0.702","9.2","7.4","2.4","0.6","1.6","1.2","16.6","11.6","18.9","9.5","136.7","100.1"
"","Donte DiVincenzo","Min","G","27.8","20","25.7","18.3","16.4","16","0.75","38","0.447","135","0.333","0.488","0.503","9.1","3.1","3.6","1.3","0.3","1.7","12.1","12.7","15.7","7.3","101.3","106.8"
"","Kevin Huerter","Sac","G-F","26.3","19","25.8","16.5","10.5","15","0.667","53","0.66","108","0.287","0.506","0.516","9.1","3.3","2.1","1.1","0.6","1","12.4","11.2","14.5","6.2","103","107.8"
"","Jay Huff","Mem","C","27.3","22","15","19.5","8.9","33","0.727","48","0.708","84","0.429","0.667","0.683","9.1","2.4","0.8","0.3","1.3","0.6","11.5","9.9","12.2","6.9","128.1","106.1"
"","Taurean Prince","Mil","F","30.7","20","28.6","11.8","15.6","13","0.846","48","0.417","76","0.566","0.681","0.694","9","4.5","1.9","0.9","0.2","1.2","13.5","10.9","15.4","5.9","124.5","108.8"
"","Carlton Carrington","Was","G","19.4","19","28.1","15.9","20.2","25","0.8","77","0.455","77","0.351","0.49","0.518","9","4.1","4.3","1.1","0.3","2.1","13.1","13.3","17.3","7.7","99","113.4"
"","Yves Missi","Nor","C","20.6","21","24.6","15.2","16.8","60","0.617","133","0.571","0","0","0.571","0.593","9","7.8","1.4","0.7","1.2","1.3","16.8","10.4","18.1","7.5","117.9","113.4"
"","Jusuf Nurkic","Pho","C","30.3","16","24.1","19.8","24.8","52","0.673","65","0.508","47","0.298","0.482","0.53","8.9","9.9","1.3","0.9","0.6","2.3","18.9","10.3","20.2","8.1","96.3","98.5"
"","Quentin Grimes","Dal","G","24.6","20","20.4","16.5","13.9","36","0.667","52","0.577","72","0.431","0.617","0.633","8.9","3.6","1.5","0.7","0.2","1","12.5","10.3","13.9","7.1","119.5","106.1"
"","Jalen Wilson","Bro","F","24.1","21","24.3","15.4","12.5","38","0.868","62","0.565","77","0.364","0.554","0.6","8.9","3.7","1.6","0.3","0","1","12.6","10.5","14.1","6.2","117.8","112.2"
"","Jalen Duren","Det","C","21","21","23.9","14.9","27","60","0.583","108","0.704","0","0","0.704","0.696","8.9","9.4","2.5","0.3","1.4","1.9","18.3","11.4","20.8","9.9","123.4","99.8"
"","Draymond Green","Gol","F","34.8","19","28.5","14.6","25.3","48","0.604","55","0.473","72","0.403","0.547","0.567","8.8","6.2","6","1","1.1","2.3","15.1","14.8","21.1","9.7","113.3","99.9"
"","Cody Martin","Cha","F","29.2","21","25.4","14.6","11.2","32","0.656","76","0.539","75","0.36","0.54","0.557","8.8","4.7","2.4","1.1","0.7","0.9","13.5","11.2","15.9","7.3","118.7","109.5"
"","Kevin Porter Jr.","Lac","G-F","24.6","21","18.7","27.5","20.8","35","0.629","137","0.496","49","0.184","0.438","0.459","8.8","3.5","2.8","0.9","0.3","2.3","12.3","11.6","15.1","9.5","88.3","104.6"
"","Gary Trent Jr.","Mil","G","25.9","18","25.2","14.9","7.5","18","0.889","48","0.396","87","0.391","0.519","0.546","8.7","2.1","1","1","0","0.6","10.7","9.7","11.7","4.2","107","108.9"
"","Nic Claxton","Bro","C","25.6","16","24.8","15","16.9","34","0.441","97","0.639","1","0","0.633","0.615","8.7","7.6","2.3","0.6","1.3","1.3","16.3","10.9","18.6","8.6","119.9","106.8"
"","Julian Strawther","Den","G","22.6","19","20.6","17.1","11.9","34","0.794","61","0.492","65","0.4","0.548","0.585","8.7","2.1","1.4","0.8","0.4","0.9","10.7","10.1","12.1","5.7","112.5","105.7"
"","Kentavious Caldwell-Pope","Orl","G","31.8","22","29.8","12.3","9.2","27","0.963","51","0.608","107","0.318","0.519","0.559","8.6","2.2","1.8","1.4","0.6","0.7","10.8","10.5","12.6","4.4","113.6","104.4"
"","Ziaire Williams","Bro","F","23.2","21","21.8","19.2","10.7","44","0.795","93","0.495","66","0.273","0.459","0.507","8.6","4.4","1.1","1","0.3","0.9","13","9.8","14.1","6.4","103.5","106"
"","Jake LaRavia","Mem","F","23.1","22","23.1","14.7","18.4","52","0.692","85","0.565","48","0.396","0.575","0.606","8.6","4.6","3.8","0.8","0.7","1.4","13.2","12.4","17","9.2","123.3","104.1"
"","Mike Conley","Min","G","37.1","16","25.8","16.4","16.2","28","0.893","35","0.257","84","0.369","0.466","0.518","8.5","2.9","4.7","1.6","0.2","1.4","11.4","13.2","16.1","7.6","113.1","106.6"
"","Georges Niang","Cle","F","31.5","22","20.4","17.8","11.6","9","0.778","54","0.648","106","0.349","0.566","0.573","8.5","3.6","1.2","0.4","0.2","1","12.2","9.7","13.4","6.5","107.9","104"
"","Josh Okogie","Pho","G","26.3","10","15.8","21.2","13.4","20","0.65","39","0.538","19","0.526","0.621","0.636","8.5","3.5","0.6","0.9","0.1","0.9","12","9.1","12.6","6.6","118.5","108.5"
"","Jaylen Nowell","Nor","G","25.4","8","21","21.6","9.8","11","0.636","46","0.391","27","0.296","0.411","0.43","8.4","2.5","2.3","0.1","0.5","1","10.9","10.6","13.1","6.9","94.4","120.1"
"","A.J. Green","Mil","G","25.2","19","20.2","13.6","10.3","6","0.833","9","0.667","95","0.495","0.736","0.741","8.3","2.1","0.8","0.6","0.1","0.6","10.4","9.2","11.2","4.8","130.3","107.6"
"","Cameron Payne","Nyk","G","30.3","17","17.8","18.8","8","11","0.818","47","0.426","68","0.441","0.565","0.58","8.2","1.9","3.4","0.7","0.4","0.6","10.1","11.5","13.5","8.4","126.6","105.2"
"","Wendell Carter Jr.","Orl","C-F","25.6","10","24.9","13.4","15.1","26","0.769","33","0.758","23","0.174","0.554","0.608","8.2","7.8","2.3","1.1","0.6","1","16","10.5","18.3","8.5","125.1","96.7"
"","Goga Bitadze","Orl","C-F","25.4","18","22.2","14.1","21.3","31","0.774","85","0.729","7","0","0.674","0.7","8.2","7.1","1.8","0.8","1.7","1.4","15.3","10","17.1","8.5","127.8","95.9"
"","Garrison Mathews","Atl","G","28.1","18","17.9","14.7","9.5","29","0.828","15","0.4","80","0.463","0.647","0.682","8.2","1.1","1.4","0.7","0.2","0.6","9.2","9.6","10.7","5.2","131.4","112.1"
"","Anthony Black","Orl","G","20.9","23","23.9","18.5","25.3","59","0.729","99","0.495","57","0.281","0.468","0.519","8.2","2.7","4","0.9","0.7","2.3","10.9","12.2","14.9","7.5","98.5","101.6"
"","Andre Drummond","Phi","C","31.3","17","20.3","19.6","21.6","47","0.553","99","0.545","6","0.167","0.529","0.545","8.1","8.2","0.6","1.3","0.5","1.7","16.2","8.6","16.8","6.7","103.1","98.5"
"","Moses Moody","Gol","G","22.5","20","16.2","19.8","11.9","29","0.759","52","0.519","73","0.384","0.552","0.581","8","2","1","0.3","0.3","0.9","10","9","11","6.2","110.4","107.9"
"","Brandin Podziemski","Gol","G","21.8","19","24.2","16.9","13.5","24","0.75","86","0.535","68","0.206","0.435","0.462","8","4.6","3.5","0.8","0.4","1.3","12.6","11.5","16.2","8.3","103.8","104.8"
"","Larry Nance Jr.","Atl","F-C","31.9","9","15.6","13.8","8.5","2","0.5","21","0.667","22","0.636","0.814","0.809","7.9","2.4","1.2","0.8","0.3","0.4","10.3","9.1","11.6","7.3","148","112"
"","Andrew Nembhard","Ind","G-F","24.9","9","24.5","16.9","14.9","14","0.857","49","0.449","19","0.263","0.434","0.479","7.9","1.8","4.6","1","0","1.3","9.7","12.4","14.2","6.6","103.8","114.6"
"","Trayce Jackson-Davis","Gol","F","24.8","20","17","17.9","12.6","28","0.571","117","0.607","1","0","0.602","0.606","7.9","5.2","2.1","0.3","0.7","0.9","13.1","10","15.1","10.4","123.5","105.3"
"","Brice Sensabaugh","Uta","F","21.1","15","16.4","20.6","19.1","12","0.917","33","0.485","60","0.417","0.575","0.6","7.9","2.3","0.7","0.5","0.1","1.5","10.2","8.6","10.9","5.7","103.5","118.5"
"","Spencer Dinwiddie","Dal","G","31.7","20","21.1","15.1","11.3","42","0.857","46","0.457","71","0.366","0.513","0.576","7.8","1.6","3.2","0.7","0.3","0.8","9.4","11","12.6","6.5","124.3","110.2"
"","Sam Hauser","Bos","F","27","17","22.3","14.3","5.6","1","1","20","0.75","97","0.351","0.564","0.566","7.8","3.5","1.2","0.8","0.2","0.4","11.4","9","12.5","5.7","118.4","107.9"
"","Jalen Smith","Chi","F-C","24.7","19","14.5","21","10.3","28","0.75","50","0.56","63","0.365","0.553","0.583","7.7","5.2","0.7","0.4","0.6","0.7","12.8","8.4","13.6","8.4","115.7","108.4"
"","Nikola Jovic","Mia","F","21.5","14","18.2","18","8.3","20","0.8","44","0.568","44","0.318","0.523","0.558","7.7","3.7","1.3","0.9","0.1","0.6","11.4","9","12.7","7.3","113.7","105.3"
"","Tristan da Silva","Orl","F","23.6","19","24.1","14.2","6.9","14","0.786","64","0.484","70","0.343","0.5","0.517","7.6","3.6","1.7","0.4","0.2","0.5","11.3","9.3","12.9","6","110.2","106"
"","Jeremiah Robinson-Earl","Nor","F","24.1","22","21.1","15.4","12.6","25","0.88","81","0.531","57","0.333","0.518","0.554","7.5","5.2","1.1","0.7","0.1","0.9","12.7","8.6","13.8","6.6","113.7","115.6"
"","Quenton Jackson","Ind","G","26.2","13","17.9","16.6","12.1","17","0.706","49","0.592","23","0.391","0.59","0.61","7.5","1.9","2.2","0.7","0.4","0.8","9.4","9.6","11.5","7","121.9","111.4"
"","Noah Clowney","Bro","F-C","20.4","15","16.6","20.6","10.4","21","0.714","33","0.424","61","0.377","0.516","0.542","7.5","3.1","0.7","0.3","0.6","0.7","10.6","8.1","11.3","6.1","106","105.3"
"","Kyshawn George","Was","F","21","19","26.2","15","11.3","26","0.731","52","0.5","97","0.247","0.416","0.446","7.5","4.1","2.6","0.7","0.7","1","11.6","10.2","14.3","6.6","96.3","112.5"
"","Jordan Miller","Lac","G","24.9","12","14.3","23","15.8","22","0.773","52","0.558","17","0.294","0.529","0.572","7.5","2.1","1.3","0.4","0.2","1.1","9.6","8.8","10.8","7.7","110","107.8"
"","Talen Horton-Tucker","Chi","G","24","16","10.9","22.3","9.8","27","0.741","42","0.595","31","0.516","0.671","0.695","7.4","1.9","1.5","0.1","0.3","0.5","9.3","8.9","10.8","10.1","135","116.2"
"","Kyle Filipowski","Uta","C","21.1","14","19","16.2","15.5","29","0.517","46","0.652","30","0.3","0.572","0.575","7.3","4.7","2.1","0.6","0.1","1","12","9.4","14.1","8.8","115.2","112.2"
"","Malaki Branham","San","F","21.6","16","13.4","23.7","18.3","20","0.85","51","0.49","38","0.421","0.551","0.588","7.2","1.8","1.3","0.4","0.1","1.3","9","8.4","10.3","7.7","102.9","111.5"
"","Tyrese Martin","Bro","F","25.7","9","14.7","17","8.3","5","0.8","11","0.455","33","0.515","0.693","0.703","7.2","2.2","1.1","0.3","0.2","0.4","9.4","8.3","10.6","7.1","131.7","112"
"","Josh Green","Cha","G","24","19","27","10.9","11.8","13","0.615","52","0.385","60","0.483","0.567","0.573","7.1","2.5","1.6","0.7","0.3","0.8","9.6","8.7","11.3","4.5","117.2","110.1"
"","Davion Mitchell","Tor","G","26.2","22","27.8","14.2","23.2","26","0.654","80","0.5","72","0.278","0.461","0.48","7.1","2.3","5.2","0.9","0.2","2.1","9.4","12.4","14.6","6.3","100.3","111.5"
"","Keon Ellis","Sac","G","24.9","20","21.6","12.6","15.7","25","0.8","28","0.571","68","0.441","0.635","0.664","7.1","2.1","1","1.1","0.9","0.9","9.2","8.1","10.2","4.6","121.1","108.4"
"","Isaiah Jackson","Ind","F","22.9","5","16.8","17.5","17.7","14","0.5","23","0.609","0","0","0.609","0.6","7","5.6","1","0.6","1.6","1","12.6","8","13.6","8.1","118.4","101.6"
"","JT Thor","Cle","F","22.3","2","7.2","23.6","26.9","2","1","3","1","2","1","1.2","1.19","7","1","0","1","1","1","8","7","8","0","138.6","93.8"
"","Sam Merrill","Cle","G","28.6","18","19.8","14.3","7","8","0.875","12","0.667","94","0.362","0.557","0.571","6.9","1.7","1.8","0.6","0.3","0.4","8.7","8.7","10.4","5.6","118.3","107.5"
"","Haywood Highsmith","Mia","F","28","17","25","10.9","9","13","0.692","42","0.595","49","0.388","0.588","0.6","6.8","3","1.1","1.2","0.9","0.5","9.8","7.9","10.9","4.5","119.2","107.3"
"","Brandon Clarke","Mem","F","28.2","21","18","13.6","6.7","19","0.632","95","0.674","16","0.063","0.59","0.599","6.8","4.7","0.9","0.8","0.3","0.4","11.5","7.7","12.4","6.8","126.2","101.8"
"","Herbert Jones","Nor","F","26.2","4","28.3","11.6","16.5","2","0.5","14","0.714","11","0.182","0.52","0.522","6.8","2.5","1","1.8","0.3","1.3","9.3","7.8","10.3","3.6","96.6","115.1"
"","Cason Wallace","Okc","G","21.1","21","26.4","11.6","4.7","6","0.833","79","0.532","62","0.29","0.489","0.498","6.8","3.4","2.1","1.7","0.6","0.3","10.2","9","12.3","5.5","115.6","103.3"
"","Kris Dunn","Lac","G","30.7","23","22.6","13.7","14.9","10","0.5","70","0.571","67","0.343","0.544","0.545","6.7","3.8","2.7","1.5","0.3","1","10.5","9.4","13.2","7.3","111.7","98.6"
"","Javonte Green","Nor","G","31.4","22","24.3","11.7","9.1","39","0.769","66","0.5","53","0.321","0.492","0.54","6.7","3.5","0.9","1.1","0.7","0.5","10.2","7.6","11.1","4.5","113.8","117.4"
"","Luke Kennard","Mem","G","28.4","14","19.7","12.9","12.1","14","0.786","20","0.5","52","0.404","0.576","0.601","6.7","2.4","2.9","0.6","0.1","0.7","9.1","9.6","12.1","7.3","126.6","113"
"","Elfrid Payton","Nor","G","30.8","7","20.5","19.7","30.2","2","0.5","45","0.511","1","0","0.5","0.501","6.7","3.4","6.9","1.4","0.4","2.9","10.1","13.6","17","10.5","98.9","113.2"
"","Kevin Love","Mia","F-C","36.2","9","12.3","26.4","9.5","9","0.667","24","0.292","33","0.394","0.465","0.484","6.6","5.6","1","1.3","0.1","0.7","12.1","7.6","13.1","10.8","102.6","96.9"
"","Simone Fontecchio","Det","F","29","21","18.4","15.4","11.8","28","0.786","35","0.514","77","0.338","0.509","0.547","6.5","3.1","0.8","0.3","0.2","0.7","9.6","7.3","10.4","5.5","108","108.8"
"","Jaxson Hayes","Lal","C-F","24.5","11","17.4","12.4","18","23","0.783","36","0.722","0","0","0.722","0.759","6.4","4.5","0.8","0.4","0.8","0.7","10.9","7.2","11.7","6.5","143.7","103.9"
"","Isaiah Stewart","Det","F-C","23.5","23","21.7","12.5","21.3","33","0.879","83","0.627","20","0.25","0.578","0.63","6.4","6.3","1.9","0.5","1.4","1.2","12.8","8.3","14.7","7.8","123.5","100.7"
"","Terance Mann","Lac","G-F","28.1","23","21","13.5","9.2","24","0.667","81","0.494","47","0.34","0.5","0.52","6.3","3.1","1.7","1","0.2","0.6","9.3","8","11.1","6.1","114.2","103.3"
"","Neemias Queta","Bos","C","25.4","18","18.2","12.8","13.7","22","0.773","73","0.658","2","0","0.64","0.667","6.3","5.3","0.8","0.2","1","0.7","11.6","7.1","12.3","6.6","134.7","101.4"
"","Isaac Okoro","Cle","F-G","23.9","20","21.4","10.8","7.1","17","0.647","40","0.5","52","0.462","0.609","0.618","6.2","2.5","1.8","0.8","0.5","0.4","8.6","8","10.4","5.7","133.6","107.4"
"","Jaden Hardy","Dal","G","22.4","21","15","22.6","19.6","24","0.875","71","0.437","56","0.286","0.433","0.476","6.2","1.4","1.3","0.7","0","1.5","7.6","7.5","8.9","6","88.3","107.5"
"","Jonathan Isaac","Orl","F","27.2","20","17","16.1","7.9","28","0.679","50","0.58","55","0.273","0.49","0.52","6.1","4.8","0.3","0.8","1.4","0.5","10.9","6.4","11.1","4.9","110.6","98.4"
"","Pelle Larsson","Mia","G","23.8","14","16.1","14.3","10.7","20","0.55","32","0.688","26","0.385","0.638","0.636","6.1","1.9","1.1","0.6","0","0.5","7.9","7.2","9.1","5.8","124.4","103.3"
"","Zach Collins","San","F-C","27","21","14.5","18.2","17.3","31","0.903","61","0.541","34","0.324","0.521","0.584","6","3.4","1.8","0.5","0.5","1","9.4","7.9","11.2","9.2","117.6","99.2"
"","James Wiseman","Ind","C","23.7","1","4.6","45.7","0","2","1","3","0.667","1","0","0.5","0.615","6","1","0","0","0","0","7","6","7","0","124","122.2"
"","Dariq Whitehead","Bro","G-F","20.3","3","8.7","24","21.4","0","0","1","0","10","0.6","0.818","0.818","6","1","0.3","0.7","0.3","1","7","6.3","7.3","5.6","106.8","114.8"
"","Ryan Dunn","Pho","F","21.9","19","17.8","16.1","8.3","8","0.25","39","0.59","71","0.31","0.509","0.502","6","2.7","0.7","0.5","0.5","0.5","8.7","6.7","9.4","5","100.1","103.6"
"","Jamison Battle","Tor","F","23.6","21","14","14.8","6","11","0.818","24","0.625","70","0.414","0.622","0.637","6","2","0.9","0.1","0.2","0.3","8","6.9","9","6.3","130.8","113.1"
"","Ausar Thompson","Det","G-F","21.8","5","15.3","22.4","21.5","7","0.429","20","0.45","9","0.333","0.466","0.468","6","3","2.8","0.4","0.6","1.6","9","8.8","11.8","9.7","96.8","101.7"
"","Lindy Waters III","Gol","F","27.4","17","17.1","13.6","4.2","5","0.8","28","0.536","62","0.355","0.533","0.542","5.9","2.5","1.3","0.5","0.3","0.2","8.4","7.2","9.6","6.3","118.5","104.8"
"","Johnny Juzang","Uta","G","23.7","17","16.3","15.9","9.1","13","0.846","25","0.48","65","0.338","0.5","0.528","5.9","2.2","1.2","0.4","0.2","0.5","8.2","7.1","9.4","6.1","112.4","112.5"
"","Marcus Sasser","Det","G","24.2","15","12.8","18.4","13.7","6","1","40","0.625","29","0.379","0.601","0.621","5.9","1","1.5","0.7","0.1","0.7","6.9","7.4","8.4","6.5","118","111.8"
"","Cam Whitmore","Hou","F","20.4","8","9.9","30.1","5.9","16","0.625","27","0.63","21","0.048","0.385","0.427","5.9","1.4","0.5","0.1","0.1","0.4","7.3","6.4","7.8","6.5","94.5","100.7"
"","Kobe Bufkin","Atl","G","21.2","8","13.4","20.4","15.1","18","0.722","21","0.524","18","0.222","0.436","0.501","5.9","2.3","1.9","0.4","0.3","0.9","8.1","7.8","10","8.8","105.1","113.2"
"","Keon Johnson","Bro","G","22.7","20","16.4","19.2","13.1","9","0.667","44","0.455","75","0.307","0.458","0.468","5.8","2.9","1.1","0.5","0.3","0.9","8.7","6.9","9.8","6.5","92.1","107.1"
"","David Roddy","Atl","F","23.7","13","15.4","13.3","21.5","13","0.846","24","0.708","23","0.435","0.681","0.711","5.8","3","1.5","0.5","0.2","1","8.8","7.2","10.2","7.7","120","112.9"
"","Ben Sheppard","Ind","G","23.4","13","20.9","11.3","7","0","0","19","0.474","47","0.404","0.568","0.568","5.8","2.2","1.3","0.4","0.3","0.4","8","7.1","9.3","4.9","114.9","111.4"
"","Donovan Clingan","Por","C","20.8","17","17","14.6","18.2","22","0.727","67","0.552","9","0.333","0.546","0.578","5.8","6.7","0.3","0.5","2.2","1","12.5","6.1","12.8","5.3","114.3","99.1"
"","KJ Simpson","Cha","G","22.3","5","14.7","21.6","19.8","6","1","13","0.538","15","0.2","0.411","0.473","5.8","2.4","2.6","0.8","0.2","1.4","8.2","8.4","10.8","9","103.9","110.5"
"","Kyle Lowry","Phi","G","38.7","14","23.4","11.2","14.6","19","0.789","15","0.467","49","0.347","0.508","0.553","5.7","2.3","3.1","1.1","0.4","0.8","8","8.9","11.1","5.9","119.5","109.9"
"","KJ Martin","Phi","F","23.9","16","17.5","11.1","9.9","25","0.84","44","0.636","10","0.4","0.63","0.685","5.6","2.6","0.9","0.3","0.8","0.4","8.1","6.5","9.1","5.4","137.9","104.3"
"","Ronald Holland II","Det","F","19.4","23","15.7","18.1","14.8","26","0.808","74","0.581","47","0.149","0.442","0.483","5.6","3.1","0.6","0.5","0.2","0.9","8.7","6.2","9.3","5.6","93.8","105.3"
"","Vasilije Micic","Cha","G","30.9","10","17.9","20.2","20.6","8","0.75","37","0.297","28","0.321","0.377","0.401","5.5","2.9","2.2","0.5","0","1.7","8.4","7.7","10.6","7.3","85.1","112.4"
"","Kevon Looney","Gol","F","28.8","18","15.5","16","16.3","37","0.459","77","0.532","0","0","0.532","0.531","5.5","7.8","1.6","0.9","0.3","0.8","13.3","7.1","14.9","10.6","121.6","89.1"
"","Ja'Kobe Walter","Tor","G","20.2","8","17","18.8","8.4","6","0.5","29","0.448","25","0.2","0.38","0.388","5.5","3.6","1.3","0.5","0.3","0.6","9.1","6.8","10.4","6.9","89.7","105.6"
"","Trey Lyles","Sac","F","29.1","18","19.6","13.2","9.9","14","0.714","25","0.44","66","0.333","0.484","0.504","5.4","3.9","0.9","0.6","0.6","0.6","9.4","6.4","10.3","5.4","106.3","109.8"
"","Ben Simmons","Bro","G-F","28.4","16","24.2","13.4","37.1","6","0.5","71","0.592","0","0","0.592","0.591","5.4","5.8","6.6","0.8","0.5","2.6","11.2","12","17.8","9.8","112","106"
"","Shake Milton","Bro","G","28.2","18","15.7","15.1","12.3","14","0.714","41","0.488","37","0.432","0.564","0.582","5.4","1.4","2.1","0.3","0.1","0.6","6.9","7.5","8.9","6.4","120","117.5"
"","Max Christie","Lal","G","21.8","20","17.9","13.6","13.5","35","0.857","43","0.558","40","0.25","0.47","0.549","5.4","1.9","1","0.7","0.4","0.7","7.3","6.4","8.3","4.9","109.7","114.1"
"","Jarace Walker","Ind","F","21.2","22","18.1","15.6","25.1","29","0.621","46","0.435","52","0.385","0.51","0.533","5.4","3.5","1.5","1.3","0.4","1.5","8.9","6.9","10.4","6.7","93.1","109.3"
"","Mo Bamba","Lac","C","26.6","9","14.5","17.5","14.2","9","0.667","23","0.609","19","0.263","0.512","0.533","5.4","4.2","0.8","0.8","1.3","0.8","9.7","6.2","10.4","7.2","104.1","91.3"
"","Alec Burks","Mia","G","33.4","12","15.1","12.5","4.1","8","0.75","14","0.429","32","0.469","0.62","0.636","5.3","1.9","1.3","0.5","0.3","0.2","7.2","6.6","8.5","6.2","134.7","114.1"
"","Pat Connaughton","Mil","G","31.9","14","17.9","15","12.4","12","0.75","26","0.5","44","0.295","0.464","0.491","5.3","3.2","1.8","0.2","0.3","0.7","8.5","7.1","10.3","7","105.2","110.1"
"","Antonio Reeves","Nor","G","22","12","10.8","22.2","6.1","7","0.857","31","0.548","30","0.267","0.475","0.499","5.3","1.3","0.4","0.3","0","0.3","6.7","5.8","7.1","5.2","102.8","119.3"
"","Ajay Mitchell","Okc","G","22.4","21","16","15.1","15","13","0.769","67","0.493","29","0.414","0.531","0.551","5.3","1.5","1.5","0.9","0","0.8","6.9","6.9","8.4","5.7","107.2","101.5"
"","Vince Williams Jr.","Mem","G","24.3","3","14.9","25","26.8","4","0.25","11","0.545","8","0.125","0.395","0.385","5.3","3.7","3","0","0.7","2.3","9","8.3","12","10.4","80.8","94.5"
"","Torrey Craig","Chi","F","34","6","11.1","14.4","0","2","1","4","1","18","0.389","0.659","0.677","5.2","2.2","0.5","0.2","0.2","0","7.3","5.7","7.8","6.4","140.2","107.4"
"","Kyle Anderson","Gol","F-G","31.2","19","15.2","16.1","9.5","18","0.611","62","0.468","33","0.273","0.447","0.466","5.1","3.3","2.6","0.9","0.5","0.5","8.3","7.6","10.9","9.3","111","103.2"
"","Dean Wade","Cle","F-C","28","14","21.7","10.8","5.7","14","0.357","10","0.6","56","0.321","0.5","0.492","5.1","4.3","1.5","1","0.4","0.3","9.4","6.6","10.9","5.9","111.1","105.6"
"","Jamal Cain","Nor","F","25.7","13","14.7","14","12.2","14","0.643","25","0.6","25","0.36","0.57","0.588","5.1","2.8","0.7","0.5","0.5","0.5","7.8","5.8","8.5","5.9","115.5","112.3"
"","Tidjane Salaun","Cha","F","19.3","19","19.7","13.9","13.8","17","0.706","32","0.375","68","0.294","0.42","0.447","5.1","4.2","1","0.6","0.2","0.8","9.3","6.1","10.3","5.6","96.1","110.2"
"","Alex Caruso","Okc","G","30.8","13","19.7","14.1","10.9","7","0.714","34","0.529","39","0.205","0.411","0.427","5","2.9","2.2","1.8","0.7","0.7","7.9","7.2","10.1","6.4","98","94.6"
"","Monte Morris","Pho","G","29.4","15","11","18","8.1","14","0.857","30","0.5","26","0.423","0.563","0.603","5","1.2","1.5","0.5","0.2","0.3","6.2","6.5","7.7","7.6","126.4","115"
"","Matas Buzelis","Chi","F","20.1","21","11.6","19.3","14.4","19","0.789","42","0.452","47","0.362","0.5","0.534","5","2.3","0.2","0.4","0.7","0.7","7.3","5.2","7.5","4.6","96.1","108.7"
"","Jonathan Mogbo","Tor","F","23.1","22","15.6","14.3","18.6","36","0.722","68","0.529","15","0.267","0.506","0.556","5","4.3","1.6","0.9","0.4","0.9","9.3","6.6","10.9","8.3","118.8","105.1"
"","Kenrich Williams","Okc","G-F","30","11","13","14.2","4.4","6","1","19","0.737","24","0.292","0.57","0.603","5","2.8","0.9","0.5","0.4","0.2","7.8","5.9","8.7","7.2","129.3","95.4"
"","Alondes Williams","Det","G","25.5","1","3.7","23.1","0","0","0","1","1","1","1","1.25","1.25","5","0","1","0","0","0","5","6","6","0","0","0"
"","Jae Crowder","Sac","F","34.4","4","17.8","10.8","13","6","0.833","3","1","10","0.3","0.577","0.639","5","3","0.8","0.5","0","0.5","8","5.8","8.8","5.1","129","104.9"
"","Micah Potter","Uta","C","26.7","3","20","11.2","25","0","0","2","0","10","0.5","0.625","0.625","5","7","1","0.3","0.3","1.3","12","6","13","6.5","114.4","115.1"
"","Paul Reed","Det","F","25.5","11","9.8","19.3","21.3","15","0.8","24","0.625","9","0.444","0.636","0.682","4.9","2.1","0.5","0.7","0.5","0.8","7","5.4","7.5","7","116.6","94.1"
"","Sandro Mamukelashvili","San","F-C","25.5","15","9.1","18.3","16.2","7","1","15","0.8","31","0.452","0.717","0.744","4.9","2.9","0.3","0.2","0.3","0.6","7.7","5.2","8.1","7.1","122.9","105.9"
"","Eric Gordon","Phi","G","35.9","16","16.5","16.6","14.4","22","0.773","35","0.429","42","0.238","0.39","0.444","4.8","0.9","1.3","0.6","0.3","0.8","5.8","6.1","7.1","4.3","91.8","115.4"
"","Cole Anthony","Orl","G","24.6","21","9.9","25.4","21.2","32","0.719","47","0.447","38","0.316","0.459","0.51","4.8","2.1","1.7","0.4","0","1.1","6.9","6.5","8.6","10.4","98.3","93.6"
"","Gary Payton II","Gol","G","32","20","12.2","14.1","11.2","8","0.625","52","0.731","19","0.211","0.62","0.624","4.7","2.2","1.2","0.7","0.3","0.5","6.8","5.8","8","7.6","125.3","103.2"
"","Jared Butler","Was","G","24.3","14","8.4","24.1","11.8","21","0.714","44","0.545","8","0.125","0.49","0.539","4.7","0.6","2.1","0.4","0.1","0.5","5.3","6.9","7.4","8.6","115.7","113.8"
"","Keaton Wallace","Atl","G","25.8","12","16.2","14.3","17.8","4","1","29","0.483","26","0.308","0.473","0.493","4.7","1.5","1.8","0.8","0.5","1","6.2","6.5","8","5.8","96.2","113.2"
"","Wendell Moore Jr.","Det","G","23.2","11","14.9","12.6","18.4","12","0.917","26","0.615","9","0.333","0.586","0.645","4.7","3.3","1.1","0.6","0.3","0.7","8","5.8","9.1","6.9","122.3","107.3"
"","Taylor Hendricks","Uta","F","21","3","24.8","12.3","9.8","4","0.75","6","0.167","12","0.25","0.306","0.354","4.7","5","0.7","1.7","1.3","0.7","9.7","5.3","10.3","4.1","87.4","109.6"
"","Oso Ighodaro","Pho","F","22.4","15","17.1","11","17.1","13","0.769","48","0.625","0","0","0.625","0.652","4.7","4.1","0.9","0.5","0.4","0.7","8.7","5.6","9.7","6.1","124.6","105.7"
"","Jamal Shead","Tor","G","22.4","22","14.2","18.3","21.8","12","0.75","64","0.438","40","0.325","0.457","0.476","4.7","0.9","2.9","0.5","0.1","1.3","5.6","7.6","8.5","6.5","96.5","107.8"
"","Mason Plumlee","Pho","F-C","34.8","19","16.9","12.7","21.7","32","0.563","61","0.574","0","0","0.574","0.586","4.6","5.6","1.6","0.3","0.6","0.9","10.3","6.3","11.9","8.2","119.3","103.1"
"","Isaac Jones","Sac","F","24.4","12","9.4","18","17","13","0.538","32","0.75","2","0","0.706","0.692","4.6","1.7","0.2","0.1","0.4","0.6","6.3","4.8","6.4","4.9","118.2","103.2"
"","Bones Hyland","Lac","G","24.2","8","6.6","34.6","12.7","8","0.875","13","0.231","21","0.381","0.441","0.493","4.6","0.8","0.5","0.8","0.3","0.6","5.4","5.1","5.9","7.4","96.9","95.4"
"","Lonzo Ball","Chi","G","27.1","6","16.2","13.4","16.1","0","0","4","0.75","22","0.318","0.519","0.519","4.5","2.5","3.5","1.2","0.5","0.8","7","8","10.5","8.4","113.8","114.4"
"","Reggie Jackson","Phi","G","34.6","9","12.5","16.8","14","0","0","13","0.385","24","0.417","0.541","0.541","4.4","0.9","2.1","0.7","0.3","0.7","5.3","6.6","7.4","6.5","111.3","111.5"
"","Blake Wesley","San","G","21.7","17","11.7","19.8","21.3","17","0.706","46","0.543","20","0.2","0.47","0.504","4.4","0.9","1.6","0.5","0.1","1.1","5.2","5.9","6.8","6.3","96","113.1"
"","Julian Phillips","Chi","F","21.1","21","14.3","13.8","10","21","0.619","32","0.594","49","0.286","0.494","0.515","4.4","2.2","0.5","0.7","0.2","0.4","6.6","4.9","7.1","4.7","105.8","111.9"
"","Luke Kornet","Bos","C-F","29.4","16","17.3","8.8","14.5","18","0.889","41","0.634","0","0","0.634","0.695","4.3","4.1","1.6","0.5","1.2","0.4","8.4","5.9","10","7","153.4","105.2"
"","Kris Murray","Por","F","24.3","19","12.9","15.1","13.6","19","0.368","38","0.579","32","0.313","0.529","0.517","4.3","2.3","0.6","0.4","0.2","0.6","6.6","4.9","7.2","5.6","104.9","113.9"
"","Svi Mykhailiuk","Uta","G-F","27.5","4","12.3","20.3","31.3","4","0.75","2","0.5","13","0.308","0.467","0.507","4.3","0.3","1","1","0.3","1.8","4.5","5.3","5.5","3.5","79.8","113.1"
"","Seth Curry","Cha","G","34.3","20","12.5","13.7","7.8","9","0.778","34","0.471","37","0.405","0.542","0.56","4.2","1.3","0.4","0.5","0.2","0.3","5.5","4.6","5.9","4.2","115.5","111.9"
"","Gary Harris","Orl","G","30.2","17","16.6","10.7","10.4","6","0.667","14","0.5","46","0.37","0.542","0.551","4.1","1.4","0.4","0.5","0.3","0.4","5.4","4.5","5.8","3.2","107.4","108.1"
"","Drew Eubanks","Uta","F-C","27.8","18","13.6","13.7","22.8","21","0.571","51","0.569","3","0.333","0.565","0.577","4.1","3.9","1.2","0.2","0.6","0.9","7.9","5.3","9.2","7.9","111","112.5"
"","Tre Jones","San","G","24.9","8","17.5","12.7","14.2","14","0.714","18","0.389","12","0.25","0.383","0.456","4.1","2.4","3.3","0.6","0.3","0.6","6.5","7.4","9.8","7.3","114.5","107.9"
"","Dalen Terry","Chi","F","22.4","22","13.2","13.8","22.5","27","0.778","43","0.535","22","0.364","0.538","0.592","4.1","1.5","1","0.5","0.3","0.9","5.6","5.1","6.6","5.6","109.5","112.6"
"","Ricky Council IV","Phi","G","23.3","16","11.4","15.9","6.7","15","0.933","30","0.567","25","0.24","0.473","0.536","4.1","1.6","0.8","0.2","0.1","0.3","5.8","4.9","6.6","6.1","115.8","112.6"
"","Aaron Holiday","Hou","G","28.2","12","8.4","15.8","8.3","7","0.714","8","0.625","25","0.44","0.652","0.665","4","0.9","1.2","0.1","0.1","0.3","4.9","5.2","6.1","7.8","138.1","107.3"
"","Josh Richardson","Mia","G","31.2","8","18.7","14","17.2","4","1","16","0.313","22","0.273","0.368","0.402","4","1.5","1.5","1","0.1","1","5.5","5.5","7","4.4","87.3","105.5"
"","Richaun Holmes","Was","F","31.1","3","6.8","26.3","16.1","2","1","9","0.556","1","0","0.5","0.551","4","1.7","0","0","0.7","0.7","5.7","4","5.7","0","97.3","121.3"
"","Day'Ron Sharpe","Bro","C","23.1","1","16.1","13.2","29.1","4","1","2","0","0","0","0","0.532","4","2","2","1","1","1","6","6","8","6.3","117.6","114.5"
"","Mark Williams","Cha","C","23","1","8.6","28.9","18.4","2","1","4","0.25","0","0","0.25","0.41","4","3","0","0","1","1","7","4","7","0","90.1","108.1"
"","Nicolas Batum","Lac","G-F","36","23","18.1","9.4","10.3","8","0.75","17","0.412","61","0.377","0.532","0.546","3.9","2.8","1.6","0.3","0.5","0.4","6.7","5.5","8.3","5.7","122.5","107.7"
"","Thomas Bryant","Mia","C-F","27.3","8","12.4","11.9","8.2","7","1","10","0.6","12","0.333","0.545","0.618","3.9","3.4","0.5","0.1","0.6","0.3","7.3","4.4","7.8","6.1","130","106"
"","Jock Landale","Hou","C","29.1","14","11.1","16.4","12.9","19","0.526","41","0.439","6","0.5","0.479","0.497","3.9","3.3","1","0.2","0.4","0.5","7.2","4.9","8.2","8.4","111.5","100.5"
"","Damion Lee","Pho","G-F","32.1","4","9.4","23.2","17.2","6","1","5","0.6","9","0.111","0.321","0.451","3.8","1.3","1.3","0.5","0","0.8","5","5","6.3","7.9","92.8","114.2"
"","Jett Howard","Orl","G","21.2","22","10.2","17.3","7.8","2","1","17","0.529","65","0.323","0.494","0.501","3.8","1.3","0.4","0.1","0.3","0.3","5","4.2","5.5","4.9","101.7","104.2"
"","Reed Sheppard","Hou","G","20.4","22","11.7","16.5","13.5","2","1","41","0.415","48","0.333","0.461","0.467","3.8","1","1.4","0.5","0.3","0.6","4.8","5.2","6.2","6","99.8","103.2"
"","Cam Reddish","Lal","F-G","25.3","14","19.8","7.2","14.9","12","0.667","16","0.563","18","0.5","0.662","0.675","3.8","2.4","0.5","1.1","0.3","0.4","6.2","4.3","6.7","3.4","123","109.7"
"","Rob Dillingham","Min","G","19.9","11","8.4","22.9","25","0","0","24","0.5","12","0.5","0.583","0.583","3.8","0.8","1.5","0","0","1.1","4.6","5.3","6.1","7.9","99","113.1"
"","Bruno Fernando","Tor","F-C","26.3","14","8.7","20.3","19.5","8","0.75","45","0.511","0","0","0.511","0.536","3.7","3.1","1.2","0.1","0.5","0.8","6.8","4.9","8","11","110","97.3"
"","Dru Smith","Mia","G","26.9","6","12.2","13.7","17.4","0","0","12","0.417","7","0.571","0.579","0.579","3.7","2.8","1.2","0.8","0.7","0.7","6.5","4.8","7.7","7.6","112.6","105.6"
"","Patty Mills","Uta","G","36.3","9","15.3","12.3","20.3","3","1","7","0.571","24","0.292","0.468","0.495","3.6","0.9","1.4","0.7","0.2","0.9","4.4","5","5.9","4.3","96.7","119.1"
"","Rayan Rupert","Por","G-F","20.5","19","10.8","15.4","15.4","12","0.667","33","0.515","27","0.333","0.508","0.528","3.6","1.6","0.4","0.4","0.1","0.6","5.3","4.1","5.7","4.9","104","115.2"
"","Andre Jackson Jr.","Mil","G","23.1","19","18.6","12","29","8","0.5","33","0.424","33","0.364","0.485","0.489","3.6","3.3","1.4","0.7","0.3","1.4","6.9","5","8.3","5.5","89.5","102"
"","Moses Brown","Ind","C","25.1","8","5.7","26.9","22.8","5","0.6","20","0.65","0","0","0.65","0.653","3.6","1.6","0","0.3","0.1","0.8","5.3","3.6","5.3","0","98.6","105.2"
"","Daniel Theis","Nor","F-C","32.7","17","14.3","12.5","16.3","10","0.8","38","0.526","18","0.222","0.464","0.497","3.5","3.4","1.2","0.3","0.6","0.6","6.9","4.8","8.2","6.8","103.3","109.8"
"","Ousmane Dieng","Okc","F","21.5","16","11.6","15.6","6.3","11","0.636","23","0.478","36","0.25","0.415","0.439","3.5","2.6","0.8","0.7","0.3","0.3","6.1","4.3","6.9","6.7","100.8","97.9"
"","Dario Saric","Den","F-C","30.7","10","13.6","16.7","21.4","6","0.833","21","0.333","19","0.263","0.363","0.399","3.4","3.5","1.1","0.6","0","1.1","6.9","4.5","8","6.9","84.3","105"
"","Tristan Thompson","Cle","C-F","33.7","8","7.2","19.2","17.4","6","0","18","0.722","1","0","0.684","0.601","3.3","2.1","0.5","0","0.3","0.5","5.4","3.8","5.9","8.4","104.8","103"
"","Marvin Bagley III","Was","F","25.7","13","5.4","27.9","18.9","11","0.727","29","0.586","5","0","0.5","0.541","3.2","2.1","0.2","0.2","0.1","0.6","5.3","3.5","5.5","8.2","101.2","120"
"","Gabe Vincent","Lal","G","28.5","21","17.7","10.4","9.4","6","0.333","27","0.556","50","0.24","0.429","0.427","3.2","1","0.6","0.6","0","0.4","4.3","3.8","4.9","2.8","87.3","111.9"
"","Jabari Walker","Por","F","22.3","17","10.2","16.1","15.5","9","0.889","39","0.487","15","0.133","0.407","0.449","3.1","3.1","0.6","0.3","0.1","0.6","6.1","3.7","6.8","7","97.5","107.1"
"","Moussa Diabate","Cha","F","22.9","21","20.1","8.1","26.6","15","0.333","55","0.545","0","0","0.545","0.528","3.1","8","0.8","0.7","1","1","11.1","3.9","11.9","5.4","113.5","106.4"
"","Cody Williams","Uta","F","20","16","18.7","11.6","14.1","10","0.6","30","0.367","37","0.189","0.321","0.343","3.1","2.3","1.2","0.4","0.3","0.7","5.4","4.3","6.6","4.4","81.1","117.9"
"","Tyler Kolek","Nyk","G","23.7","14","7.4","18.9","16.1","4","1","15","0.4","21","0.429","0.542","0.569","3.1","0.9","0.8","0.4","0.1","0.5","3.9","3.9","4.7","7.1","107.8","109"
"","Isaiah Collier","Uta","G","20.2","14","17.1","16.3","38.3","16","0.438","31","0.452","22","0.136","0.349","0.366","3.1","1.6","3.1","0.9","0.1","2.4","4.7","6.2","7.8","5.8","71","113"
"","Collin Gillespie","Pho","G","25.4","1","3.5","25.3","0","0","0","1","0","1","1","0.75","0.75","3","0","0","0","0","0","3","3","3","0","0","0"
"","Drew Peterson","Bos","F","25.1","5","11.7","11.7","14","4","0.75","1","0","11","0.364","0.5","0.545","3","2.4","0.4","0.4","0.4","0.4","5.4","3.4","5.8","4.9","112","104.2"
"","Nick Smith Jr.","Cha","G","20.6","10","7.9","17","6.3","0","0","14","0.429","16","0.375","0.5","0.5","3","0.6","0.8","0.2","0","0.2","3.6","3.8","4.4","5.7","111.3","119.3"
"","David Duke Jr.","San","G","25.1","1","8.2","25.7","0","2","0.5","3","0.333","1","0","0.25","0.307","3","0","2","0","0","0","3","5","5","0","89.2","109.1"
"","Bol Bol","Pho","C-F","25.1","5","4.2","26.5","9.7","6","0.667","5","0.8","4","0.25","0.611","0.644","3","1","0.2","0","0","0.2","4","3.2","4.2","8","126.2","114.9"
"","Taze Moore","Por","G","26.4","2","10","26.7","16.4","2","0.5","6","0.167","4","0.25","0.25","0.276","3","4","0.5","1","0","1","7","3.5","7.5","7.3","70.8","115.5"
"","Oscar Tshiebwe","Uta","F-C","25","1","15.7","7.4","75.2","4","0.75","0","0","0","0","0","0.852","3","9","0","2","0","1","12","3","12","0","0","89.4"
"","Charles Bassey","San","C-F","24.1","12","8.5","15.9","17.5","8","0.625","28","0.536","0","0","0.536","0.555","2.9","3","0.4","0.4","1","0.5","5.9","3.3","6.3","7.1","110.6","99.4"
"","Vit Krejci","Atl","G","24.5","9","10.8","12.5","18.3","7","0.571","11","0.455","11","0.364","0.5","0.518","2.9","1.1","1.1","0.4","0.2","0.6","4","4","5.1","5.6","103.8","104.8"
"","Ryan Rollins","Mil","G","22.4","10","7.1","20.4","22.3","4","0.75","13","0.308","11","0.545","0.542","0.563","2.9","1.1","0.9","0.7","0.4","0.7","4","3.8","4.9","8","102.8","99.6"
"","Kobe Brown","Lac","F","24.9","7","6.7","19.1","0","2","0.5","14","0.571","6","0.167","0.475","0.479","2.9","2.3","0.6","0.1","0","0","5.1","3.4","5.7","9.5","117.2","100.1"
"","Craig Porter","Cle","G","24.8","16","9.4","12.1","22.4","5","0.6","20","0.65","11","0.455","0.661","0.663","2.8","0.9","1.4","0.3","0.4","0.6","3.6","4.1","5","6.5","119.5","112.2"
"","Taj Gibson","Cha","F","39.4","11","11.4","13.2","23.5","3","0.667","27","0.481","2","0.5","0.5","0.511","2.8","3.6","0.4","0.4","0.3","0.8","6.5","3.2","6.8","5.6","99.8","102.5"
"","Luka Garza","Min","C","25.9","5","4.6","31.3","13.1","3","0.667","9","0.667","4","0","0.462","0.489","2.8","1","0","0","0","0.4","3.8","2.8","3.8","0","87.4","105.6"
"","Johnny Furphy","Ind","G","20","12","8.8","16","18.7","5","1","15","0.4","15","0.333","0.45","0.497","2.7","1.1","0.4","0.3","0.3","0.6","3.8","3.1","4.2","4.8","96","118.4"
"","TyTy Washington Jr.","Pho","G","23.1","3","8.9","11.6","14.3","0","0","3","0.333","3","0.667","0.667","0.667","2.7","0.3","1.3","0.7","0","0.3","3","4","4.3","4.6","129","118.6"
"","Doug McDermott","Sac","F","32.9","17","8.4","15.3","2.1","5","0.6","8","0.375","39","0.308","0.447","0.457","2.6","0.8","0.2","0.1","0.1","0.1","3.5","2.8","3.6","3.6","97.2","108.8"
"","Chris Duarte","Chi","G","27.5","11","4.1","19.8","5.5","8","0.75","6","0.667","11","0.455","0.676","0.707","2.6","1.3","0.4","0","0","0.1","3.9","3","4.3","10.8","144.5","115.6"
"","Johnny Davis","Was","G","22.8","14","7.4","14.2","3","5","0.6","24","0.5","8","0.375","0.516","0.526","2.6","1.3","0.2","0.3","0.1","0.1","3.9","2.8","4.1","4.7","110.5","114.3"
"","Trey Jemison","Nor","C","25","13","11.2","12.7","26.2","13","0.462","28","0.5","0","0","0.5","0.504","2.6","2.8","0.6","0.5","0.5","0.8","5.5","3.2","6.1","5.8","96.8","103.7"
"","DeAndre Jordan","Den","C","36.4","8","9.8","14.5","27.9","4","0.25","18","0.556","0","0","0.556","0.531","2.6","3.3","0.5","0.3","0.3","0.9","5.9","3.1","6.4","6.6","97.2","101.6"
"","Delon Wright","Mil","G","32.6","17","16.2","9.5","10.9","10","0.5","19","0.421","30","0.233","0.378","0.393","2.5","1.8","1.7","0.7","0.4","0.4","4.3","4.2","6","4.9","103.4","114.3"
"","Dillon Jones","Okc","F","23.1","20","8.8","15.9","12.8","8","0.625","22","0.545","32","0.219","0.417","0.435","2.5","2.1","0.8","0.2","0.1","0.4","4.6","3.3","5.4","7.3","100","99.8"
"","Jaylon Tyson","Cle","G-F","22","12","8.5","14.7","18.6","6","0.5","16","0.563","10","0.3","0.519","0.524","2.5","2","0.9","0.3","0","0.5","4.5","3.4","5.4","7.8","113","96.9"
"","E.J. Liddell","Chi","F","24","6","5.1","14.9","19.2","2","1","2","1","6","0.5","0.813","0.845","2.5","0.8","0.5","0.2","0","0.3","3.3","3","3.8","7.8","138.7","94.8"
"","Jordan McLaughlin","Sac","G","28.7","17","8.4","14.3","19.4","14","0.714","14","0.429","19","0.316","0.455","0.511","2.4","1","0.9","0.5","0","0.5","3.4","3.3","4.3","6.2","103.5","110"
"","Hunter Tyson","Den","F","24.5","12","9.2","12","17.6","7","0.857","10","0.7","13","0.231","0.5","0.556","2.4","1.7","0.5","0.2","0.3","0.4","4.1","2.9","4.6","5.5","107.5","105.2"
"","Kel'el Ware","Mia","C","20.6","10","6.9","18.9","13.6","2","1","18","0.444","7","0.286","0.44","0.464","2.4","1.6","0.1","0.3","0.5","0.4","4","2.5","4.1","4.2","84.9","103.7"
"","Jeff Green","Hou","F","38.3","7","5.7","15.4","13.3","0","0","5","0.8","8","0.375","0.654","0.654","2.4","0.6","0.1","0.3","0","0.3","3","2.6","3.1","3.7","112.9","105.1"
"","Vlatko Cancar","Den","F","27.7","4","8.6","11.1","22.2","0","0","5","0.6","2","0.5","0.643","0.643","2.3","2","0","0","0.3","0.5","4.3","2.3","4.3","0","105.9","107.4"
"","John Konchar","Mem","G","28.7","11","12","7.6","21.4","4","0.75","2","1","16","0.375","0.611","0.633","2.3","2.6","0.8","0.5","0.5","0.5","4.9","3.1","5.7","5.6","122.1","106.6"
"","Anthony Gill","Was","F","32.1","15","6","12.6","4.7","14","0.5","13","0.692","7","0.429","0.675","0.65","2.3","0.9","0.3","0.2","0.1","0.1","3.2","2.6","3.5","5.7","132.8","122.1"
"","Patrick Baldwin Jr.","Was","F","22","11","5.1","16.8","9.4","4","0.5","8","0.5","11","0.455","0.605","0.602","2.3","1.1","0.1","0.2","0.2","0.2","3.4","2.4","3.5","5","112.2","116.6"
"","Lester Quinones","Phi","G","24","4","4.3","32.1","32.2","1","1","5","0.8","3","0","0.5","0.533","2.3","1","0.3","0","0","1","3.3","2.5","3.5","8.2","83.4","123"
"","Nate Williams","Hou","G","25.8","3","3.3","16.3","0","0","0","2","1","2","0.5","0.875","0.875","2.3","1","0","0.3","0","0","3.3","2.3","3.3","0","0","0"
"","Orlando Robinson","Sac","C","24.4","3","7.2","13.5","57.5","4","0.5","1","1","1","1","1.25","0.931","2.3","2","0.3","0.3","0","1","4.3","2.7","4.7","6.2","103.3","95.1"
"","Steven Adams","Hou","C","31.4","11","10.7","13.8","49.7","18","0.444","16","0.5","0","0","0.5","0.502","2.2","2.9","1","0.3","0.1","1.5","5.1","3.2","6.1","6.9","83.2","97.5"
"","Kai Jones","Lac","C-F","23.9","14","8","9.9","21.5","6","0.667","18","0.722","0","0","0.722","0.727","2.1","1.8","0.3","0.1","0.6","0.4","3.9","2.4","4.2","5.2","127.9","103.3"
"","Jae'Sean Tate","Hou","F","29.1","9","4.5","21.2","32.9","7","0.571","11","0.636","1","0","0.583","0.597","2","2","0.4","0.4","0","0.7","4","2.4","4.4","10.4","95.6","78.1"
"","Jeff Dowtin Jr.","Phi","G","27.6","8","10","11.9","4.9","4","0.75","11","0.455","8","0.125","0.342","0.385","2","1","1.1","0.4","0","0.1","3","3.1","4.1","5.2","100.9","113.1"
"","Pat Spencer","Gol","G","28.4","5","5.5","17.8","17.5","2","1","9","0.444","0","0","0.444","0.506","2","1","1.4","0.2","0","0.4","3","3.4","4.4","10.3","118.8","104.2"
"","Jericho Sims","Nyk","C","26.1","21","13.7","6.1","29.5","7","0.571","26","0.731","0","0","0.731","0.722","2","4.1","0.7","0.3","0.4","0.5","6.1","2.7","6.8","5.2","136.9","105"
"","Tyler Smith","Mil","F","20.1","10","3.5","21.6","18.5","2","0.5","5","1","8","0.375","0.731","0.72","2","0.8","0.1","0","0.3","0.3","2.8","2.1","2.9","6.2","0","0"
"","Alex Reese","Okc","F-G","25.5","1","1.9","22.4","0","0","0","1","1","0","0","1","1","2","1","0","0","0","0","3","2","3","0","0","0"
"","Ulrich Chomche","Tor","C","18.9","1","4.5","9.2","0","0","0","1","1","0","0","1","1","2","1","0","0","0","0","3","2","3","0","200","119.6"
"","Adama Sanogo","Chi","F","22.8","3","4.6","18.3","16.7","0","0","5","0.6","0","0","0.6","0.6","2","0.7","0.3","0","0","0.3","2.7","2.3","3","6.5","115.4","120.3"
"","Christian Koloko","Lal","C","24.5","12","9.1","8.8","23.3","2","1","14","0.786","2","0","0.688","0.711","2","1.8","0.3","0.3","0.3","0.4","3.8","2.3","4","4.5","120.1","107.6"
"","Jalen Hood-Schifino","Lal","G","21.5","2","7.1","9","41","2","1","1","1","0","0","1","1.064","2","0.5","0.5","0","0.5","0.5","2.5","2.5","3","4.5","151.2","102.3"
"","Justin Edwards","Phi","F","21","2","4.5","16.8","0","1","0","2","1","1","0","0.667","0.581","2","1","0.5","0","0","0","3","2.5","3.5","8.9","123.2","117.8"
"","Keshad Johnson","Mia","F","23.4","1","6.9","12.7","0","0","0","1","1","1","0","0.5","0.5","2","0","0","0","0","0","2","2","2","0","99.6","122.4"
"","Dwight Powell","Dal","F-C","33.4","16","8.7","7.2","32.7","20","0.7","10","0.8","0","0","0.8","0.798","1.9","1.9","0.6","0.4","0.5","0.3","3.8","2.5","4.4","5.9","147.4","95.9"
"","Maxi Kleber","Dal","F","32.8","13","17","7.4","27.6","6","0.667","17","0.412","9","0.222","0.385","0.419","1.8","3.2","0.5","0.2","0.4","0.8","5.1","2.4","5.6","3.3","80.1","102.8"
"","Jevon Carter","Chi","G","29.2","10","5.2","21.1","15.4","0","0","7","0.429","15","0.267","0.409","0.409","1.8","0.7","0.6","0.3","0","0.4","2.5","2.4","3.1","7","82.1","119.5"
"","Terrence Shannon Jr.","Min","G-F","24.3","5","4.1","19.5","33.3","0","0","4","0.75","2","0.5","0.75","0.75","1.8","0.2","0.4","0.4","0.2","0.6","2","2.2","2.4","5.1","96.8","112.9"
"","Pacome Dadiet","Nyk","F","19.4","11","7","11.4","5.1","2","1","6","0.167","12","0.417","0.472","0.503","1.7","1.2","0.5","0.1","0.2","0.1","2.9","2.2","3.4","5.8","110.4","111.5"
"","MarJon Beauchamp","Mil","F","24.1","11","3.2","30.8","29.9","4","1","8","0.5","8","0.25","0.438","0.507","1.6","0.8","0.1","0.1","0","0.6","2.5","1.7","2.5","6.3","0","0"
"","Adem Bona","Phi","F","21.7","13","5.9","10.8","36.7","6","0.833","10","0.8","0","0","0.8","0.831","1.6","1.6","0","0","0.5","0.5","3.2","1.6","3.2","0","115.3","98.9"
"","Jazian Gortman","Dal","G","21.7","5","2.6","19.5","16.7","0","0","2","0.5","3","0.667","0.8","0.8","1.6","0.2","0","0","0.2","0.2","1.8","1.6","1.8","0","0","0"
"","Duop Reath","Por","C","28.4","12","4.9","15.5","4.5","0","0","5","0.4","16","0.313","0.452","0.452","1.6","0.7","0.2","0","0.2","0.1","2.3","1.8","2.4","5","104.9","112.5"
"","Luke Travers","Cle","F","23.3","5","8","10.7","21.2","2","1","4","0.75","3","0","0.429","0.508","1.6","1.2","1","0.2","0.2","0.4","2.8","2.6","3.8","6.2","108.5","108.3"
"","Matt Ryan","Nyk","F","27.6","7","5.7","19.9","16.7","0","0","3","0.333","12","0.25","0.367","0.367","1.6","0.1","0","0","0","0.4","1.7","1.6","1.7","0","61.9","124.3"
"","Alex Len","Sac","C","31.5","16","7.3","10.3","22.9","4","0.5","16","0.688","4","0","0.55","0.551","1.5","2","0.7","0.2","0.7","0.4","3.5","2.2","4.2","7","109.7","102.6"
"","Trevelin Queen","Orl","G","27.8","2","2.5","34.6","25","0","0","2","0","1","1","0.5","0.5","1.5","0","0","0","0","0.5","1.5","1.5","1.5","0","0","0"
"","Adam Flagler","Okc","G","25","10","3.4","23.6","0","0","0","1","0","18","0.278","0.395","0.395","1.5","0.5","0","0.2","0","0","2","1.5","2","0","0","0"
"","Jaylen Martin","Bro","G","20.8","2","1.6","14.4","0","0","0","0","0","1","1","1.5","1.5","1.5","0","0","0","0","0","1.5","1.5","1.5","0","0","0"
"","Enrique Freeman","Ind","F","24.3","13","7.9","10.1","14.8","9","0.556","12","0.5","5","0.2","0.441","0.477","1.5","0.8","0.5","0.2","0.2","0.2","2.4","2","2.8","4.3","101.4","109.9"
"","Jordan Walsh","Bos","G","20.8","15","8.9","9.2","10.7","1","0","5","0.6","20","0.25","0.42","0.413","1.4","1.1","0.2","0.3","0.4","0.2","2.5","1.6","2.7","3","89","106.6"
"","AJ Johnson","Mil","G","20","5","2.1","32.9","25","0","0","5","0.4","1","1","0.583","0.583","1.4","0.4","0.2","0","0","0.4","1.8","1.6","2","9.2","0","0"
"","Josh Minott","Min","F","22","8","6.4","11.9","22.7","2","0.5","5","1","5","0","0.5","0.506","1.4","0.8","0.3","0.1","0.3","0.4","2.1","1.6","2.4","4.3","83.9","96.2"
"","James Johnson","Ind","F","37.8","3","3.5","29","42.9","0","0","3","0.667","1","0","0.5","0.5","1.3","0.7","0.7","0","0.3","1","2","2","2.7","9.8","0","0"
"","Zeke Nnaji","Den","F-C","23.9","13","5.2","14.2","4.7","4","0.25","12","0.667","8","0","0.4","0.391","1.3","0.5","0.2","0.1","0.2","0.1","1.8","1.5","2.1","3.9","88.5","113.3"
"","Xavier Tillman","Bos","F","25.9","14","9.5","10.5","12.8","2","0.5","12","0.333","15","0.2","0.315","0.323","1.3","2.1","0.4","0.2","0.2","0.3","3.4","1.7","3.9","4.3","83.4","103.8"
"","Ariel Hukporti","Nyk","C","22.6","9","8.9","10.8","43.9","4","0.5","10","0.5","0","0","0.5","0.51","1.3","1.9","0.4","0","0.9","0.9","3.2","1.8","3.7","4.5","76","99.3"
"","Olivier-Maxence Prosper","Dal","F","22.4","12","5.3","15.4","4.5","3","0.667","17","0.412","4","0","0.333","0.358","1.3","1.3","0.1","0.2","0","0.1","2.6","1.4","2.7","4.2","94.7","107.1"
"","Liam Robbins","Mil","C","25.4","4","4.5","11.6","0","4","0.25","2","1","1","0","0.667","0.525","1.3","0.8","0","0","0","0","2","1.3","2","0","122.3","103.2"
"","Jack McVeigh","Hou","G-F","28.4","6","3.6","22.9","8.3","0","0","3","0.333","8","0.25","0.364","0.364","1.3","0.7","0.2","0","0.2","0.2","2","1.5","2.2","6.3","0","0"
"","Branden Carlson","Okc","C","25.5","3","3.5","27.6","0","2","1","2","0.5","4","0","0.167","0.291","1.3","2","0","0.3","0.3","0","3.3","1.3","3.3","0","0","0"
"","Cory Joseph","Orl","G","33.3","13","3.5","16","11.8","0","0","3","0","12","0.417","0.5","0.5","1.2","0.7","0.7","0.2","0.2","0.2","1.8","1.8","2.5","9.6","0","0"
"","Brandon Williams","Dal","G","25","5","4.3","24.4","17.7","3","0.667","7","0.286","2","0","0.222","0.291","1.2","0.8","0.4","0","0","0.4","2","1.6","2.4","6.8","67.3","107.8"
"","Armel Traore","Lal","F","21.9","5","7.5","12.7","20","2","0","4","0.75","4","0","0.375","0.338","1.2","1.4","0","0.6","0.2","0.4","2.6","1.2","2.6","0","60","98.9"
"","Gui Santos","Gol","F","22.5","6","3.7","14.5","27.7","2","0.5","2","0.5","3","0.333","0.5","0.51","1","1","0.3","0","0","0.3","2","1.3","2.3","7.2","0","0"
"","Mouhamed Gueye","Atl","F","22.1","2","5.7","17.7","20","0","0","2","0.5","2","0","0.25","0.25","1","1","0","0","0","0.5","2","1","2","0","42","120.4"
"","Reece Beekman","Gol","G","23.2","2","2.1","10.1","0","0","0","1","1","0","0","1","1","1","0.5","0.5","0.5","0","0","1.5","1.5","2","12","0","0"
"","Jared Rhoden","Cha","G","25.3","4","2.9","32.5","11.1","0","0","6","0.333","2","0","0.25","0.25","1","1","0.5","0.3","0","0.3","2","1.5","2.5","10.9","0","0"
"","Markieff Morris","Dal","F","35.3","2","4.8","26.4","0","0","0","4","0.25","2","0","0.167","0.167","1","2","1","0","0","0","3","2","4","10.5","59.4","108.8"
"","Cam Spencer","Mem","G","24.7","2","10.5","5.8","33.3","0","0","1","1","1","0","0.5","0.5","1","1","1","0","0.5","0.5","2","2","3","3.8","91.3","107.7"
"","Jaden Springer","Bos","G","22.2","7","3.4","17.7","12.2","4","0.5","5","0.4","2","0","0.286","0.342","0.9","0.9","0.4","0.4","0","0.1","1.7","1.3","2.1","8.1","0","0"
"","Caleb Houstan","Orl","G","21.9","14","4.7","14.4","4.7","2","1","3","0.333","17","0.176","0.275","0.311","0.9","0.5","0","0","0.1","0.1","1.4","0.9","1.4","0","68.4","104"
"","Trey Alexander","Den","G","21.6","8","5.2","12.2","8.7","2","1","4","0.25","6","0.167","0.25","0.322","0.9","0.1","0.3","0","0.1","0.1","1","1.1","1.3","2.3","74.8","115.7"
"","Colby Jones","Sac","G","22.5","13","4.1","14.6","22.2","0","0","9","0.333","5","0.4","0.429","0.429","0.9","0.7","0.2","0.2","0.2","0.3","1.6","1.2","1.8","4.9","82.9","108"
"","D.J. Carton","Tor","G","24.3","4","8.4","14.2","35","1","1","4","0.25","3","0","0.143","0.202","0.8","1","0.8","0.5","0","1","1.8","1.5","2.5","4.1","43.3","116"
"","JD Davison","Bos","G","22.2","4","4.3","22.6","48.7","2","0.5","2","0.5","2","0","0.25","0.307","0.8","0.5","0.3","0.3","0","1","1.3","1","1.5","4.6","40.6","106.7"
"","Baylor Scheierman","Bos","G","24.2","5","6.8","13.9","0","2","1","4","0.25","6","0","0.1","0.184","0.8","1.4","0.4","0.2","0","0","2.2","1.2","2.6","4.5","68.2","104.4"
"","Karlo Matkovic","Nor","F-C","23.7","5","7.7","9.9","44.4","0","0","5","0.4","0","0","0.4","0.4","0.8","2","0","0.6","0.6","0.8","2.8","0.8","2.8","0","71","109.7"
"","Yuki Kawamura","Mem","G","23.6","12","2.9","21.9","23.1","4","0.75","4","0.5","9","0.111","0.269","0.339","0.8","0.2","0.6","0","0","0.3","1","1.4","1.6","6.3","0","0"
"","PJ Dozier","Min","G-F","28.1","5","4.1","8.4","31.1","2","0.5","0","0","2","0.5","0.75","0.694","0.8","1","0.6","0.2","0","0.2","1.8","1.4","2.4","7.6","133.1","95.3"
"","Maxwell Lewis","Lal","F","22.4","5","3.6","12.2","20","0","0","4","0.5","0","0","0.5","0.5","0.8","0.4","0.4","0.2","0","0.2","1.2","1.2","1.6","5.6","0","0"
"","Tristen Newton","Ind","G","23.6","4","1.9","41.6","13.4","1","1","3","0.333","3","0","0.167","0.233","0.8","0","0.3","0","0","0.3","0.8","1","1","0","0","0"
"","Garrett Temple","Tor","G-F","38.6","7","4.1","8.7","16.7","0","0","3","0.333","2","0.5","0.5","0.5","0.7","0.6","0.7","0.6","0.1","0.1","1.3","1.4","2","6.5","119.6","91.2"
"","Bronny James","Lal","G","20.2","6","2.6","19.1","0","2","1","2","0.5","4","0","0.167","0.291","0.7","0.2","0.3","0.2","0","0","0.8","1","1.2","5.3","0","0"
"","Colin Castleton","Mem","C","24.5","6","2.3","8","0","4","1","0","0","1","0","0","0.725","0.7","0.8","0","0","0.2","0","1.5","0.7","1.5","0","0","0"
"","Chris Livingston","Mil","F","21.1","3","2","22","33.3","0","0","2","0.5","0","0","0.5","0.5","0.7","0.7","0.3","0.3","0","0.3","1.3","1","1.7","10.6","0","0"
"","Cui Yongxi","Bro","F","21.5","5","2.1","34.2","0","2","0.5","4","0.25","3","0","0.143","0.19","0.6","0.4","0","0","0","0","1","0.6","1","0","0","0"
"","Sidy Cissoko","San","G","20.7","8","2.9","12.8","16.7","2","0","3","0.333","2","0.5","0.5","0.425","0.6","0.8","0.6","0","0","0.1","1.4","1.3","2","9.1","0","0"
"","Stanley Umude","Mil","G","25.6","5","3.1","10.9","0","2","0","0","0","3","0.333","0.5","0.387","0.6","0.6","0.2","0","0.2","0","1.2","0.8","1.4","5.4","0","0"
"","Dominick Barlow","Atl","F","21.5","2","5.4","7.1","0","2","0.5","1","0","0","0","0","0.266","0.5","0","0","0","0","0","0.5","0.5","0.5","0","63","115.8"
"","Jalen Bridges","Pho","F","23.6","2","5.5","19.6","47.4","2","0.5","0","0","2","0","0","0.174","0.5","0.5","0","0","0","1","1","0.5","1","0","21.8","121.7"
"","PJ Hall","Den","C","22.8","4","2","15.9","0","0","0","1","1","2","0","0.333","0.333","0.5","0","0","0","0","0","0.5","0.5","0.5","0","0","0"
"","Jacob Toppin","Nyk","F","24.6","6","3.3","9","25","0","0","1","1","2","0","0.333","0.333","0.3","0.5","0.3","0","0","0.2","0.8","0.7","1.2","4.3","0","0"
"","Malevy Leons","Okc","F","25.2","6","3.5","9.7","31.1","4","0.5","1","0","1","0","0","0.266","0.3","0.5","0.2","0","0","0.2","0.8","0.5","1","3.6","0","0"
"","Joe Ingles","Min","F-G","37.2","7","3.7","5","33.3","0","0","0","0","2","0","0","0","0","0.3","1.3","0","0","0.1","0.3","1.3","1.6","0","0","0"
"","Jalen Pickett","Den","G","25.1","2","1.9","11.2","0","0","0","0","0","1","0","0","0","0","0","0","0","0","0","0","0","0","0","0","0"
"","Justin Champagnie","Was","G-F","23.4","2","2.3","0","0","0","0","0","0","0","0","0","0","0","1","0.5","0","0","0","1","0.5","1.5","0","0","0"
"","Kessler Edwards","Dal","F","24.3","4","2.2","14.6","33.3","0","0","0","0","2","0","0","0","0","0","0","0","0","0.3","0","0","0","0","0","0"
"","Mac McClung","Orl","G","25.9","1","4.9","0","0","0","0","0","0","0","0","0","0","0","1","2","0","0","0","1","2","3","0","0","111.1"
"","Daniss Jenkins","Det","G","23.3","2","2.5","17.1","0","0","0","0","0","2","0","0","0","0","0","0","0","0","0","0","0","0","0","0","0"
"","Alex Ducas","Okc","G","24","4","1.8","17.5","0","0","0","1","0","2","0","0","0","0","0","0","0","0","0","0","0","0","0","0","0"
"","Spencer Jones","Den","F","23.5","2","1.9","11.2","0","0","0","0","0","1","0","0","0","0","0.5","0","1","0","0","0.5","0","0.5","0","0","0"
"","Riley Minix","San","F","24.2","1","6.8","6.4","0","0","0","0","0","1","0","0","0","0","2","0","0","0","0","2","0","2","0","0","113.2"
"","Harrison Ingram","San","F","22","1","6.8","6.4","0","0","0","1","0","0","0","0","0","0","1","0","0","0","0","1","0","1","0","0","101.8"
"","Mason Jones","Sac","G","26.4","3","4.2","6.9","0","0","0","0","0","2","0","0","0","0","1.3","2.3","0","0","0","1.3","2.3","3.7","0","133","108.3"
"","Cole Swider","Det","F","25.6","2","6.6","16.3","0","0","0","0","0","5","0","0","0","0","1","0.5","0","0","0","1","0.5","1.5","0","15","110"
"","Justin Minaya","Por","F","25.7","1","6.1","0","0","0","0","0","0","0","0","0","0","0","1","0","0","0","0","1","0","1","0","0","103.6"
"","Daishen Nix","Min","G","22.8","1","4.5","19.5","100","0","0","0","0","0","0","0","0","0","2","2","0","0","2","2","2","4","0","0","107.4"